time,longitude,latitude,>= 0.3Âµm,>= 0.5Âµm,>= 1.0Âµm,>= 2.5Âµm,>= 5.0Âµm,>= 10.0Âµm
2/14/26 9:58,null,null,217,192,27,4,1,0
2/14/26 9:58,null,null,208,184,23,2,0,0
2/14/26 9:58,null,null,190,167,19,2,1,0
2/14/26 9:58,null,null,214,186,30,3,0,0
2/14/26 9:58,null,null,204,166,35,2,0,0
2/14/26 9:58,null,null,163,128,26,0,0,0
2/14/26 9:58,null,null,156,132,21,0,0,0
2/14/26 9:59,null,null,175,152,17,1,0,0
2/14/26 9:59,null,null,196,167,20,0,0,0
2/14/26 9:59,null,null,208,166,21,1,0,0
2/14/26 9:59,null,null,219,179,25,4,1,0
2/14/26 9:59,null,null,251,211,31,4,2,0
2/14/26 9:59,null,null,225,186,23,4,1,0
2/14/26 9:59,null,null,183,146,17,2,0,0
2/14/26 9:59,null,null,172,138,15,1,0,0
2/14/26 9:59,null,null,188,157,13,1,0,0
2/14/26 9:59,null,null,208,168,20,1,1,1
2/14/26 9:59,null,null,221,182,22,1,1,1
2/14/26 9:59,null,null,213,184,17,2,1,1
2/14/26 10:00,null,null,174,154,25,3,1,0
2/14/26 10:00,null,null,186,156,32,3,1,0
2/14/26 10:00,null,null,193,149,26,2,0,0
2/14/26 10:00,null,null,200,158,22,1,0,0
2/14/26 10:59,null,null,251,214,23,1,0,0
2/14/26 10:59,null,null,249,210,23,2,1,0
2/14/26 11:07,null,null,246,209,22,2,1,0
2/14/26 11:07,null,null,217,191,27,3,2,0
2/14/26 11:07,null,null,212,179,28,3,1,0
2/14/26 11:08,null,null,199,149,18,2,0,0
2/14/26 11:08,null,null,221,171,28,4,1,0
2/14/26 11:08,null,null,215,170,27,3,1,0
2/14/26 11:08,null,null,174,136,17,1,0,0
2/14/26 11:08,null,null,183,155,14,2,0,0
2/14/26 11:08,null,null,180,165,14,1,0,0
2/14/26 11:08,null,null,199,177,18,1,1,1
2/14/26 11:09,null,null,202,166,19,2,0,0
2/14/26 11:09,null,null,176,147,21,1,0,0
2/14/26 11:09,null,null,175,150,18,2,1,0
2/14/26 11:09,null,null,193,159,14,2,1,0
2/14/26 11:09,null,null,217,171,14,1,0,0
2/14/26 11:09,null,null,220,169,15,3,0,0
2/14/26 11:09,null,null,195,155,17,4,1,0
2/14/26 11:09,null,null,210,174,22,4,3,0
2/14/26 11:09,null,null,237,198,22,4,2,1
2/14/26 11:09,null,null,205,166,18,4,1,0
2/14/26 11:09,null,null,187,141,15,2,1,0
2/14/26 11:09,null,null,208,149,15,1,0,0
2/14/26 11:10,null,null,218,167,22,2,0,0
2/14/26 11:10,null,null,204,173,29,1,0,0
2/14/26 11:10,null,null,234,197,28,2,1,1
2/14/26 11:10,null,null,247,204,19,3,1,1
2/14/26 11:10,null,null,218,185,17,0,0,0
2/14/26 11:10,null,null,192,168,20,0,0,0
2/14/26 11:10,null,null,181,148,19,2,0,0
2/14/26 11:10,null,null,207,172,23,4,0,0
2/14/26 11:10,null,null,230,196,22,2,0,0
2/14/26 11:10,null,null,219,173,21,1,0,0
2/14/26 11:10,null,null,209,165,24,1,0,0
2/14/26 11:11,null,null,227,186,20,0,0,0
2/14/26 11:11,null,null,206,166,11,1,0,0
2/14/26 11:11,null,null,201,167,9,1,0,0
2/14/26 11:11,null,null,205,175,15,0,0,0
2/14/26 11:11,null,null,212,171,23,2,0,0
2/14/26 11:11,null,null,224,179,23,3,1,0
2/14/26 11:11,null,null,205,170,20,2,1,0
2/14/26 11:11,null,null,217,184,21,2,0,0
2/14/26 11:11,null,null,213,182,17,1,0,0
2/14/26 11:11,null,null,204,166,15,1,0,0
2/14/26 11:11,null,null,209,167,17,1,0,0
2/14/26 11:11,null,null,202,161,21,1,0,0
2/14/26 11:12,null,null,200,161,23,1,0,0
2/14/26 11:12,null,null,212,182,31,1,0,0
2/14/26 11:12,null,null,232,205,40,1,1,0
2/14/26 11:12,null,null,231,207,34,1,1,0
2/14/26 11:12,null,null,210,184,21,0,0,0
2/14/26 11:12,null,null,207,177,21,0,0,0
2/14/26 11:12,null,null,214,182,23,1,1,0
2/14/26 11:12,null,null,202,167,18,4,2,0
2/14/26 11:12,null,null,196,157,22,4,2,1
2/14/26 11:12,null,null,194,159,22,1,0,0
2/14/26 11:12,null,null,182,158,21,1,1,0
2/14/26 11:13,null,null,196,162,22,0,0,0
2/14/26 11:13,null,null,238,192,22,1,1,1
2/14/26 11:13,null,null,255,215,23,1,1,1
2/14/26 11:13,null,null,222,187,18,1,0,0
2/14/26 11:13,null,null,213,169,19,1,1,0
2/14/26 11:13,null,null,211,172,21,0,0,0
2/14/26 11:13,null,null,202,175,18,0,0,0
2/14/26 11:13,null,null,229,203,18,0,0,0
2/14/26 11:13,null,null,223,198,15,1,0,0
2/14/26 11:13,null,null,216,180,14,0,0,0
2/14/26 11:13,null,null,224,177,14,2,0,0
2/14/26 11:14,null,null,208,173,18,2,0,0
2/14/26 11:14,null,null,209,182,18,1,0,0
2/14/26 11:14,null,null,216,191,26,1,0,0
2/14/26 11:14,null,null,213,186,28,2,1,0
2/14/26 11:14,null,null,196,166,21,3,1,0
2/14/26 11:14,null,null,185,159,22,3,2,1
2/14/26 11:14,null,null,210,181,27,1,0,0
2/14/26 11:14,null,null,228,187,26,1,0,0
2/14/26 11:14,null,null,219,171,25,1,1,0
2/14/26 11:14,null,null,213,167,24,0,0,0
2/14/26 11:14,null,null,209,164,18,1,0,0
2/14/26 11:14,null,null,211,169,26,2,0,0
2/14/26 11:15,null,null,240,201,30,2,0,0
2/14/26 11:15,null,null,222,186,17,0,0,0
2/14/26 11:15,null,null,185,150,11,0,0,0
2/14/26 11:15,null,null,200,164,20,1,1,0
2/14/26 11:15,null,null,221,189,29,2,0,0
2/14/26 11:15,null,null,223,194,26,2,0,0
2/14/26 11:15,null,null,226,190,24,4,0,0
2/14/26 11:15,null,null,230,186,24,6,0,0
2/14/26 11:15,null,null,231,194,21,4,2,0
2/14/26 11:15,null,null,205,182,16,1,1,0
2/14/26 11:15,null,null,185,169,13,0,0,0
2/14/26 11:16,null,null,192,161,15,1,0,0
2/14/26 11:16,null,null,177,138,14,1,0,0
2/14/26 11:16,null,null,178,135,17,1,0,0
2/14/26 11:16,null,null,177,137,17,2,1,0
2/14/26 11:16,null,null,167,135,14,4,0,0
2/14/26 11:16,null,null,167,135,14,3,0,0
2/14/26 11:16,null,null,197,162,9,2,1,0
2/14/26 11:16,null,null,214,176,16,1,0,0
2/14/26 11:16,null,null,223,192,26,1,0,0
2/14/26 11:16,null,null,228,199,24,1,0,0
2/14/26 11:16,null,null,215,185,32,1,0,0
2/14/26 11:16,null,null,208,176,33,2,1,0
2/14/26 11:17,null,null,189,147,19,2,1,0
2/14/26 11:17,null,null,202,151,22,0,0,0
2/14/26 11:17,null,null,214,169,24,0,0,0
2/14/26 11:17,null,null,191,156,22,1,0,0
2/14/26 11:17,null,null,187,143,18,1,0,0
2/14/26 11:17,null,null,180,137,16,1,0,0
2/14/26 11:17,null,null,187,160,16,0,0,0
2/14/26 11:17,null,null,223,204,17,0,0,0
2/14/26 11:17,null,null,242,217,23,1,0,0
2/14/26 11:17,null,null,248,210,29,2,1,0
2/14/26 11:17,null,null,262,218,24,0,0,0
2/14/26 11:18,null,null,273,232,21,0,0,0
2/14/26 11:18,null,null,236,201,24,1,0,0
2/14/26 11:18,null,null,210,177,25,0,0,0
2/14/26 11:18,null,null,216,177,25,1,0,0
2/14/26 11:18,null,null,252,203,24,2,1,0
2/14/26 11:18,null,null,257,205,22,2,1,0
2/14/26 11:18,null,null,224,182,22,1,0,0
2/14/26 11:18,null,null,237,195,27,2,1,0
2/14/26 11:18,null,null,221,178,27,3,2,0
2/14/26 11:18,null,null,230,191,30,3,2,0
2/14/26 11:18,null,null,229,197,29,3,1,0
2/14/26 11:19,null,null,193,161,27,1,1,0
2/14/26 11:19,null,null,216,172,26,2,0,0
2/14/26 11:19,null,null,232,185,17,2,0,0
2/14/26 11:19,null,null,230,188,16,0,0,0
2/14/26 11:19,null,null,190,162,20,0,0,0
2/14/26 11:19,null,null,185,160,17,0,0,0
2/14/26 11:19,null,null,218,179,17,1,0,0
2/14/26 11:19,null,null,232,192,24,2,0,0
2/14/26 11:19,null,null,227,195,25,2,0,0
2/14/26 11:19,null,null,214,177,21,4,1,0
2/14/26 11:19,null,null,232,180,22,5,1,0
2/14/26 11:19,null,null,233,180,22,2,0,0
2/14/26 11:20,null,null,222,182,21,1,0,0
2/14/26 11:20,null,null,211,180,20,1,0,0
2/14/26 11:20,null,null,210,178,19,1,1,1
2/14/26 11:20,null,null,213,175,18,2,1,0
2/14/26 11:20,null,null,215,173,18,3,1,0
2/14/26 11:20,null,null,221,178,21,2,0,0
2/14/26 11:20,null,null,212,169,21,0,0,0
2/14/26 11:20,null,null,219,185,27,0,0,0
2/14/26 11:20,null,null,223,195,29,2,0,0
2/14/26 11:20,null,null,234,189,22,2,0,0
2/14/26 11:20,null,null,252,206,17,0,0,0
2/14/26 11:21,null,null,223,186,14,0,0,0
2/14/26 11:21,null,null,210,170,16,0,0,0
2/14/26 11:21,null,null,224,195,18,1,0,0
2/14/26 11:21,null,null,195,177,21,4,1,0
2/14/26 11:21,null,null,171,147,19,4,0,0
2/14/26 11:21,null,null,199,169,17,0,0,0
2/14/26 11:21,null,null,257,215,21,0,0,0
2/14/26 11:21,null,null,261,212,26,3,1,0
2/14/26 11:21,null,null,236,193,22,3,0,0
2/14/26 11:21,null,null,234,198,20,1,0,0
2/14/26 11:21,null,null,213,180,21,1,0,0
2/14/26 11:21,null,null,204,171,18,0,0,0
2/14/26 11:22,null,null,191,162,18,0,0,0
2/14/26 11:22,null,null,184,151,20,0,0,0
2/14/26 11:22,null,null,201,163,23,3,0,0
2/14/26 11:22,null,null,206,168,24,4,0,0
2/14/26 11:22,null,null,177,150,17,1,0,0
2/14/26 11:22,null,null,179,156,15,0,0,0
2/14/26 11:22,null,null,214,184,24,1,0,0
2/14/26 11:22,null,null,212,178,28,2,0,0
2/14/26 11:22,null,null,207,176,23,2,1,0
2/14/26 11:22,null,null,211,172,23,2,0,0
2/14/26 11:22,null,null,215,167,16,0,0,0
2/14/26 11:23,null,null,228,179,12,1,0,0
2/14/26 11:23,null,null,235,184,14,2,1,0
2/14/26 11:23,null,null,239,189,16,2,0,0
2/14/26 11:23,null,null,225,179,21,2,0,0
2/14/26 11:23,null,null,202,161,18,2,1,0
2/14/26 11:23,null,null,206,163,11,2,0,0
2/14/26 11:23,null,null,209,168,9,2,0,0
2/14/26 11:23,null,null,201,173,11,3,0,0
2/14/26 11:23,null,null,207,174,13,1,0,0
2/14/26 11:23,null,null,220,177,12,1,1,0
2/14/26 11:23,null,null,216,169,17,2,1,0
2/14/26 11:23,null,null,223,175,26,2,0,0
2/14/26 11:24,null,null,234,197,25,3,0,0
2/14/26 11:24,null,null,195,171,21,4,1,0
2/14/26 11:24,null,null,183,161,18,2,0,0
2/14/26 11:24,null,null,216,188,12,2,1,0
2/14/26 11:24,null,null,180,147,17,3,1,0
2/14/26 11:25,null,null,187,148,21,2,0,0
2/14/26 11:25,null,null,221,187,21,1,0,0
2/14/26 11:25,null,null,212,180,21,3,1,0
2/14/26 11:25,null,null,201,172,23,2,1,0
2/14/26 11:26,null,null,201,175,22,1,1,0
2/14/26 11:26,null,null,220,190,27,2,0,0
2/14/26 11:26,null,null,208,178,24,3,0,0
2/14/26 11:26,null,null,194,157,18,2,0,0
2/14/26 11:26,null,null,229,182,20,0,0,0
2/14/26 11:26,null,null,249,200,15,0,0,0
2/14/26 11:26,null,null,229,187,10,0,0,0
2/14/26 11:26,null,null,201,162,15,0,0,0
2/14/26 11:26,null,null,190,149,26,2,0,0
2/14/26 11:26,null,null,219,180,27,2,0,0
2/14/26 11:26,null,null,223,180,23,3,1,0
2/14/26 11:26,null,null,199,162,25,3,1,0
2/14/26 11:27,null,null,225,192,32,2,1,0
2/14/26 11:27,null,null,233,195,29,4,1,0
2/14/26 11:28,null,null,230,184,25,6,1,0
2/14/26 11:28,null,null,209,168,20,3,0,0
2/14/26 11:28,null,null,210,168,16,1,0,0
2/14/26 11:28,null,null,205,165,11,0,0,0
2/14/26 11:28,null,null,192,160,16,1,0,0
2/14/26 11:28,null,null,200,168,18,0,0,0
2/14/26 11:28,null,null,174,147,13,0,0,0
2/14/26 11:28,null,null,195,160,16,4,0,0
2/14/26 11:28,null,null,242,192,25,5,0,0
2/14/26 11:28,null,null,232,185,21,2,0,0
2/14/26 11:28,null,null,205,169,17,1,0,0
2/14/26 11:29,null,null,187,153,18,0,0,0
2/14/26 11:29,null,null,214,177,21,0,0,0
2/14/26 11:29,null,null,214,177,21,0,0,0
2/14/26 11:29,null,null,207,177,19,2,1,0
2/14/26 11:29,null,null,218,183,17,3,0,0
2/14/26 11:29,null,null,198,160,17,2,0,0
2/14/26 11:29,null,null,220,185,20,2,1,1
2/14/26 11:29,null,null,232,194,19,2,0,0
2/14/26 11:29,null,null,222,191,16,2,0,0
2/14/26 11:29,null,null,223,190,18,1,0,0
2/14/26 11:29,null,null,196,167,27,1,0,0
2/14/26 11:30,null,null,193,170,27,4,0,0
2/14/26 11:30,null,null,214,185,22,2,0,0
2/14/26 11:30,null,null,223,189,28,0,0,0
2/14/26 11:30,null,null,220,179,22,1,0,0
2/14/26 11:30,null,null,205,154,15,0,0,0
2/14/26 11:30,null,null,217,165,25,0,0,0
2/14/26 11:30,null,null,224,186,21,1,1,1
2/14/26 11:30,null,null,216,176,13,1,0,0
2/14/26 11:30,null,null,222,181,19,2,1,0
2/14/26 11:30,null,null,222,189,23,2,0,0
2/14/26 11:30,null,null,203,173,21,1,0,0
2/14/26 11:30,null,null,182,153,20,0,0,0
2/14/26 11:31,null,null,195,162,25,1,0,0
2/14/26 11:31,null,null,223,183,24,1,0,0
2/14/26 11:31,null,null,208,169,15,1,0,0
2/14/26 11:31,null,null,183,150,20,1,0,0
2/14/26 11:31,null,null,223,184,32,2,0,0
2/14/26 11:31,null,null,251,206,29,3,1,0
2/14/26 11:31,null,null,221,177,24,2,0,0
2/14/26 11:31,null,null,185,153,30,1,0,0
2/14/26 11:31,null,null,213,175,29,4,0,0
2/14/26 11:31,null,null,229,176,20,3,0,0
2/14/26 11:31,null,null,204,154,12,1,0,0
2/14/26 11:32,null,null,198,153,12,0,0,0
2/14/26 11:32,null,null,227,188,29,4,0,0
2/14/26 11:32,null,null,230,199,32,6,1,0
2/14/26 11:32,null,null,204,176,22,4,2,0
2/14/26 11:32,null,null,213,187,22,2,0,0
2/14/26 11:32,null,null,220,189,24,1,0,0
2/14/26 11:32,null,null,204,164,27,2,0,0
2/14/26 11:32,null,null,183,146,27,1,0,0
2/14/26 11:32,null,null,204,165,30,2,1,0
2/14/26 11:32,null,null,235,195,36,2,1,0
2/14/26 11:32,null,null,223,182,29,1,1,0
2/14/26 11:32,null,null,204,158,21,0,0,0
2/14/26 11:33,null,null,203,158,27,2,0,0
2/14/26 11:33,null,null,175,140,19,2,0,0
2/14/26 11:33,null,null,168,142,14,2,1,1
2/14/26 11:33,null,null,187,156,17,3,1,1
2/14/26 11:33,null,null,186,151,20,3,0,0
2/14/26 11:33,null,null,187,152,23,4,0,0
2/14/26 11:33,null,null,198,163,23,5,0,0
2/14/26 11:33,null,null,214,178,24,6,0,0
2/14/26 11:33,null,null,190,160,26,5,0,0
2/14/26 11:33,null,null,165,137,32,5,0,0
2/14/26 11:33,null,null,169,142,29,5,0,0
2/14/26 11:34,null,null,175,145,26,5,1,0
2/14/26 11:34,null,null,199,169,24,3,1,0
2/14/26 11:34,null,null,217,195,30,5,3,0
2/14/26 11:34,null,null,245,213,38,7,3,0
2/14/26 11:34,null,null,242,205,24,2,0,0
2/14/26 11:34,null,null,185,165,17,0,0,0
2/14/26 11:34,null,null,182,156,18,2,0,0
2/14/26 11:34,null,null,212,176,21,5,0,0
2/14/26 11:34,null,null,206,181,23,3,0,0
2/14/26 11:34,null,null,216,196,19,0,0,0
2/14/26 11:34,null,null,220,194,22,1,0,0
2/14/26 11:34,null,null,204,172,20,1,0,0
2/14/26 11:35,null,null,195,166,16,1,0,0
2/14/26 11:35,null,null,192,164,19,1,0,0
2/14/26 11:35,null,null,227,189,24,0,0,0
2/14/26 11:35,null,null,216,169,22,0,0,0
2/14/26 11:35,null,null,193,152,17,0,0,0
2/14/26 11:35,null,null,198,168,15,1,0,0
2/14/26 11:35,null,null,187,163,19,1,0,0
2/14/26 11:35,null,null,215,183,30,1,0,0
2/14/26 11:35,null,null,225,189,27,1,1,0
2/14/26 11:35,null,null,217,184,25,1,0,0
2/14/26 11:35,null,null,199,168,28,1,0,0
2/14/26 11:36,null,null,182,153,25,3,0,0
2/14/26 11:36,null,null,205,163,24,4,1,0
2/14/26 11:36,null,null,208,169,18,1,0,0
2/14/26 11:36,null,null,188,167,17,1,0,0
2/14/26 11:36,null,null,192,173,21,2,1,0
2/14/26 11:36,null,null,214,187,22,3,2,0
2/14/26 11:36,null,null,244,198,23,1,1,0
2/14/26 11:36,null,null,225,177,19,0,0,0
2/14/26 11:36,null,null,189,153,9,0,0,0
2/14/26 11:36,null,null,207,176,16,1,0,0
2/14/26 11:36,null,null,218,186,17,2,0,0
2/14/26 11:37,null,null,223,189,19,3,1,0
2/14/26 11:37,null,null,226,197,28,3,0,0
2/14/26 11:37,null,null,205,179,22,2,1,0
2/14/26 11:37,null,null,199,168,17,1,1,0
2/14/26 11:37,null,null,216,183,15,0,0,0
2/14/26 11:37,null,null,212,181,17,0,0,0
2/14/26 11:37,null,null,193,171,25,1,0,0
2/14/26 11:37,null,null,175,156,26,0,0,0
2/14/26 11:37,null,null,171,146,19,1,0,0
2/14/26 11:37,null,null,180,156,27,4,1,0
2/14/26 11:37,null,null,209,179,35,5,1,0
2/14/26 11:37,null,null,227,185,25,4,0,0
2/14/26 11:38,null,null,198,152,14,2,0,0
2/14/26 11:38,null,null,192,152,13,0,0,0
2/14/26 11:38,null,null,218,184,21,0,0,0
2/14/26 11:38,null,null,222,184,27,1,1,0
2/14/26 11:38,null,null,211,170,22,3,2,0
2/14/26 11:38,null,null,207,156,16,2,1,0
2/14/26 11:38,null,null,202,152,14,0,0,0
2/14/26 11:38,null,null,209,168,16,0,0,0
2/14/26 11:38,null,null,230,189,23,1,0,0
2/14/26 11:38,null,null,221,178,24,1,0,0
2/14/26 11:38,null,null,205,155,18,2,0,0
2/14/26 11:39,null,null,208,151,19,4,1,0
2/14/26 11:39,null,null,198,156,19,2,1,0
2/14/26 11:39,null,null,182,160,13,0,0,0
2/14/26 11:39,null,null,189,160,12,0,0,0
2/14/26 11:39,null,null,211,180,17,1,0,0
2/14/26 11:39,null,null,211,184,18,0,0,0
2/14/26 11:39,null,null,210,165,17,1,0,0
2/14/26 11:39,null,null,210,158,18,1,0,0
2/14/26 11:39,null,null,198,153,18,3,0,0
2/14/26 11:39,null,null,202,157,16,3,0,0
2/14/26 11:39,null,null,211,165,18,3,0,0
2/14/26 11:39,null,null,189,156,23,3,1,0
2/14/26 11:40,null,null,193,167,28,2,1,0
2/14/26 11:40,null,null,213,181,22,1,0,0
2/14/26 11:40,null,null,208,171,13,1,0,0
2/14/26 11:40,null,null,183,146,12,0,0,0
2/14/26 11:40,null,null,159,124,12,1,0,0
2/14/26 11:40,null,null,179,144,16,1,0,0
2/14/26 11:40,null,null,191,162,19,0,0,0
2/14/26 11:40,null,null,206,181,17,0,0,0
2/14/26 11:40,null,null,222,189,12,0,0,0
2/14/26 11:40,null,null,196,161,13,2,1,0
2/14/26 11:40,null,null,176,148,21,2,1,0
2/14/26 11:41,null,null,186,156,23,1,0,0
2/14/26 11:41,null,null,180,146,17,0,0,0
2/14/26 11:41,null,null,178,137,13,0,0,0
2/14/26 11:41,null,null,181,140,11,1,0,0
2/14/26 11:41,null,null,184,150,13,3,0,0
2/14/26 11:41,null,null,214,173,24,4,0,0
2/14/26 11:41,null,null,220,178,28,2,0,0
2/14/26 11:41,null,null,189,164,23,3,1,1
2/14/26 11:41,null,null,188,163,20,3,1,0
2/14/26 11:41,null,null,194,161,16,3,1,0
2/14/26 11:41,null,null,196,158,17,3,1,0
2/14/26 11:42,null,null,205,168,21,3,1,0
2/14/26 11:42,null,null,192,161,24,1,0,0
2/14/26 11:42,null,null,170,139,19,2,2,0
2/14/26 11:42,null,null,168,142,16,4,3,0
2/14/26 11:42,null,null,188,163,17,3,1,0
2/14/26 11:42,null,null,215,182,23,2,0,0
2/14/26 11:42,null,null,215,185,24,2,0,0
2/14/26 11:42,null,null,189,159,17,1,0,0
2/14/26 11:42,null,null,185,144,19,0,0,0
2/14/26 11:42,null,null,202,164,16,1,1,0
2/14/26 11:42,null,null,216,182,12,2,0,0
2/14/26 11:42,null,null,222,187,15,1,0,0
2/14/26 11:43,null,null,214,179,16,0,0,0
2/14/26 11:43,null,null,185,150,14,0,0,0
2/14/26 11:43,null,null,167,131,13,0,0,0
2/14/26 11:43,null,null,177,143,13,1,1,0
2/14/26 11:43,null,null,193,160,18,2,0,0
2/14/26 11:43,null,null,204,168,27,1,0,0
2/14/26 11:43,null,null,213,178,29,0,0,0
2/14/26 11:43,null,null,208,173,17,1,0,0
2/14/26 11:43,null,null,223,188,20,2,1,0
2/14/26 11:43,null,null,233,189,25,2,0,0
2/14/26 11:43,null,null,199,162,18,1,0,0
2/14/26 11:44,null,null,206,170,24,1,0,0
2/14/26 11:44,null,null,213,171,26,1,0,0
2/14/26 11:44,null,null,196,159,18,1,1,0
2/14/26 11:44,null,null,203,174,16,1,0,0
2/14/26 11:44,null,null,177,157,16,2,0,0
2/14/26 11:44,null,null,173,152,21,3,0,0
2/14/26 11:44,null,null,190,165,22,1,1,0
2/14/26 11:44,null,null,184,155,20,1,0,0
2/14/26 11:44,null,null,195,157,23,2,1,0
2/14/26 11:44,null,null,189,149,22,3,0,0
2/14/26 11:44,null,null,163,129,19,3,0,0
2/14/26 11:44,null,null,183,147,18,2,0,0
2/14/26 11:45,null,null,193,157,17,1,1,0
2/14/26 11:45,null,null,194,156,15,1,1,0
2/14/26 11:45,null,null,209,168,19,1,0,0
2/14/26 11:45,null,null,215,170,23,2,0,0
2/14/26 11:45,null,null,224,178,21,0,0,0
2/14/26 11:45,null,null,206,175,15,0,0,0
2/14/26 11:45,null,null,179,153,15,1,0,0
2/14/26 11:45,null,null,170,141,13,1,0,0
2/14/26 11:45,null,null,191,164,18,1,0,0
2/14/26 11:45,null,null,208,179,26,1,0,0
2/14/26 11:45,null,null,205,163,19,3,0,0
2/14/26 11:46,null,null,227,171,17,4,0,0
2/14/26 11:46,null,null,225,173,18,1,0,0
2/14/26 11:46,null,null,206,161,24,1,0,0
2/14/26 11:46,null,null,191,157,26,2,0,0
2/14/26 11:46,null,null,177,151,22,2,0,0
2/14/26 11:46,null,null,187,163,19,2,1,0
2/14/26 11:46,null,null,192,170,13,1,0,0
2/14/26 11:46,null,null,208,183,13,3,1,0
2/14/26 11:46,null,null,210,170,14,4,1,0
2/14/26 11:46,null,null,202,161,12,4,1,0
2/14/26 11:46,null,null,203,167,9,2,0,0
2/14/26 11:46,null,null,201,161,9,1,0,0
2/14/26 11:47,null,null,201,169,19,1,0,0
2/14/26 11:47,null,null,215,189,34,1,1,0
2/14/26 11:47,null,null,227,195,29,1,1,0
2/14/26 11:47,null,null,224,190,14,0,0,0
2/14/26 11:47,null,null,229,185,15,1,0,0
2/14/26 11:47,null,null,214,165,19,1,0,0
2/14/26 11:47,null,null,185,147,13,1,0,0
2/14/26 11:47,null,null,192,154,12,1,1,0
2/14/26 11:47,null,null,207,171,18,0,0,0
2/14/26 11:47,null,null,201,165,14,0,0,0
2/14/26 11:47,null,null,179,145,13,0,0,0
2/14/26 11:48,null,null,168,144,13,0,0,0
2/14/26 11:48,null,null,205,178,20,1,0,0
2/14/26 11:48,null,null,222,185,28,0,0,0
2/14/26 11:48,null,null,204,167,24,0,0,0
2/14/26 11:48,null,null,226,183,23,1,0,0
2/14/26 11:48,null,null,239,201,24,2,0,0
2/14/26 11:48,null,null,202,183,19,2,1,0
2/14/26 11:48,null,null,221,198,19,1,0,0
2/14/26 11:48,null,null,228,197,20,1,0,0
2/14/26 11:48,null,null,192,162,20,0,0,0
2/14/26 11:48,null,null,197,160,21,0,0,0
2/14/26 11:49,null,null,202,150,22,3,2,1
2/14/26 11:49,null,null,181,132,23,3,2,1
2/14/26 11:49,null,null,189,153,25,2,1,0
2/14/26 11:49,null,null,195,167,29,3,1,0
2/14/26 11:49,null,null,187,159,20,1,0,0
2/14/26 11:49,null,null,193,170,11,2,0,0
2/14/26 15:40,null,null,186,156,26,3,0,0
2/14/26 15:40,null,null,178,158,32,5,1,1
2/14/26 15:40,null,null,166,148,28,4,0,0
2/14/26 15:41,null,null,151,127,14,2,0,0
2/14/26 15:41,null,null,162,132,8,2,0,0
2/14/26 15:41,null,null,154,127,10,2,0,0
2/14/26 15:41,null,null,148,124,16,2,0,0
2/14/26 15:41,null,null,168,134,23,2,0,0
2/14/26 15:41,null,null,170,135,22,2,0,0
2/14/26 15:41,null,null,160,129,17,2,0,0
2/14/26 15:41,null,null,153,121,12,1,0,0
2/14/26 15:41,null,null,171,137,10,1,0,0
2/14/26 15:41,null,null,193,159,11,3,0,0
2/14/26 15:41,null,null,193,165,12,5,1,0
2/14/26 15:41,null,null,174,145,12,4,3,0
2/14/26 15:42,null,null,159,128,9,1,1,0
2/14/26 15:42,null,null,161,134,9,0,0,0
2/14/26 15:42,null,null,189,156,13,0,0,0
2/14/26 15:42,null,null,203,170,17,1,0,0
2/14/26 15:42,null,null,200,166,17,0,0,0
2/14/26 15:42,null,null,182,149,14,0,0,0
2/14/26 15:42,null,null,168,148,14,2,1,0
2/14/26 15:42,null,null,201,167,15,4,0,0
2/14/26 15:42,null,null,209,162,21,5,0,0
2/14/26 15:42,null,null,188,150,23,7,0,0
2/14/26 15:42,null,null,178,150,16,3,1,0
2/14/26 15:43,null,null,196,165,16,1,1,0
2/14/26 15:43,null,null,219,175,22,1,1,1
2/14/26 15:43,null,null,194,149,19,1,1,1
2/14/26 15:43,null,null,175,136,15,1,1,0
2/14/26 15:43,null,null,171,132,16,3,0,0
2/14/26 15:43,null,null,154,118,18,3,1,0
2/14/26 15:43,null,null,140,107,18,1,1,0
2/14/26 15:43,null,null,148,117,14,3,1,0
2/14/26 15:43,null,null,178,152,20,4,2,0
2/14/26 15:43,null,null,192,165,24,2,0,0
2/14/26 15:43,null,null,169,146,14,1,0,0
2/14/26 15:43,null,null,178,155,11,0,0,0
2/14/26 15:44,null,null,198,167,17,2,1,1
2/14/26 15:44,null,null,173,140,16,2,1,0
2/14/26 15:44,null,null,169,141,15,1,0,0
2/14/26 15:44,null,null,195,169,27,1,0,0
2/14/26 15:44,null,null,193,160,32,3,1,0
2/14/26 15:44,null,null,174,137,22,2,1,0
2/14/26 15:44,null,null,164,126,13,2,1,0
2/14/26 15:44,null,null,162,123,11,1,0,0
2/14/26 15:44,null,null,163,129,17,0,0,0
2/14/26 15:44,null,null,167,135,21,1,1,0
2/14/26 15:44,null,null,171,136,16,3,3,0
2/14/26 15:45,null,null,165,127,11,2,1,0
2/14/26 15:45,null,null,169,131,13,3,0,0
2/14/26 15:45,null,null,177,142,14,2,0,0
2/14/26 15:45,null,null,178,143,15,0,0,0
2/14/26 15:45,null,null,162,135,15,4,2,1
2/14/26 15:45,null,null,154,138,14,4,2,1
2/14/26 15:45,null,null,169,155,12,2,0,0
2/14/26 15:45,null,null,177,150,14,2,0,0
2/14/26 15:45,null,null,178,147,15,1,0,0
2/14/26 15:45,null,null,188,162,15,1,1,0
2/14/26 15:45,null,null,169,150,15,2,1,0
2/14/26 15:46,null,null,165,142,19,2,1,0
2/14/26 15:46,null,null,192,156,25,3,2,1
2/14/26 15:46,null,null,182,151,20,2,1,0
2/14/26 15:46,null,null,171,141,22,2,1,0
2/14/26 15:46,null,null,179,150,29,1,1,0
2/14/26 15:46,null,null,178,153,22,2,1,0
2/14/26 15:46,null,null,164,135,19,3,1,0
2/14/26 15:46,null,null,171,142,29,3,0,0
2/14/26 15:46,null,null,205,174,30,5,0,0
2/14/26 15:46,null,null,185,161,26,4,1,0
2/14/26 15:46,null,null,143,125,23,1,0,0
2/14/26 15:46,null,null,160,139,18,2,1,0
2/14/26 15:47,null,null,196,172,16,1,1,0
2/14/26 15:47,null,null,185,150,20,0,0,0
2/14/26 15:47,null,null,151,117,22,2,0,0
2/14/26 15:47,null,null,145,115,17,3,2,0
2/14/26 15:47,null,null,158,118,17,2,2,0
2/14/26 15:47,null,null,167,125,14,0,0,0
2/14/26 15:47,null,null,177,145,12,2,0,0
2/14/26 15:47,null,null,193,171,20,5,2,0
2/14/26 15:47,null,null,208,179,22,4,2,0
2/14/26 15:47,null,null,170,147,16,2,1,0
2/14/26 15:47,null,null,137,121,17,3,0,0
2/14/26 15:48,null,null,162,140,20,3,0,0
2/14/26 15:48,null,null,193,161,21,1,0,0
2/14/26 15:48,null,null,192,156,24,2,0,0
2/14/26 15:48,null,null,177,138,21,2,0,0
2/14/26 15:48,null,null,162,127,21,2,0,0
2/14/26 15:48,null,null,154,131,23,2,0,0
2/14/26 15:48,null,null,159,134,19,1,0,0
2/14/26 15:48,null,null,167,142,14,0,0,0
2/14/26 15:48,null,null,162,136,13,0,0,0
2/14/26 15:48,null,null,147,123,12,0,0,0
2/14/26 15:48,null,null,164,144,11,1,0,0
2/14/26 15:48,null,null,181,157,16,2,1,0
2/14/26 15:49,null,null,156,128,18,2,0,0
2/14/26 15:49,null,null,145,124,14,0,0,0
2/14/26 15:49,null,null,152,128,16,2,1,0
2/14/26 15:49,null,null,181,144,23,2,1,0
2/14/26 15:49,null,null,192,154,21,0,0,0
2/14/26 15:49,null,null,185,154,11,0,0,0
2/14/26 15:49,null,null,200,168,13,4,1,1
2/14/26 15:49,null,null,193,169,25,6,1,1
2/14/26 15:49,null,null,175,158,22,3,0,0
2/14/26 15:49,null,null,172,148,17,0,0,0
2/14/26 15:49,null,null,178,148,23,0,0,0
2/14/26 15:50,null,null,147,111,18,0,0,0
2/14/26 15:50,null,null,129,97,11,2,1,0
2/14/26 15:50,null,null,135,117,13,1,0,0
2/14/26 15:50,null,null,134,114,18,2,1,0
2/14/26 15:50,null,null,155,130,16,4,1,0
2/14/26 15:50,null,null,176,141,14,1,0,0
2/14/26 15:50,null,null,191,150,24,3,0,0
2/14/26 15:50,null,null,174,137,18,3,0,0
2/14/26 15:50,null,null,135,104,8,1,0,0
2/14/26 15:50,null,null,137,111,13,2,1,0
2/14/26 15:50,null,null,153,122,17,1,1,0
2/14/26 15:50,null,null,172,141,14,0,0,0
2/14/26 15:51,null,null,171,145,13,1,0,0
2/14/26 15:51,null,null,167,140,20,3,1,0
2/14/26 15:51,null,null,166,142,26,3,0,0
2/14/26 15:51,null,null,152,134,25,3,0,0
2/14/26 15:51,null,null,140,125,26,2,1,0
2/14/26 15:51,null,null,147,125,21,0,0,0
2/14/26 15:51,null,null,160,130,8,0,0,0
2/14/26 15:51,null,null,166,137,9,0,0,0
2/14/26 15:51,null,null,152,127,15,0,0,0
2/14/26 15:51,null,null,149,118,17,0,0,0
2/14/26 15:51,null,null,171,134,18,0,0,0
2/14/26 15:52,null,null,172,136,17,0,0,0
2/14/26 15:52,null,null,161,130,15,1,0,0
2/14/26 15:52,null,null,156,132,13,0,0,0
2/14/26 15:52,null,null,149,123,16,1,0,0
2/14/26 15:52,null,null,159,133,25,3,1,0
2/14/26 15:52,null,null,163,140,25,4,1,0
2/14/26 15:52,null,null,154,130,16,2,0,0
2/14/26 15:52,null,null,169,147,19,3,2,1
2/14/26 15:52,null,null,181,161,23,2,1,0
2/14/26 15:52,null,null,171,143,20,0,0,0
2/14/26 15:52,null,null,183,148,25,1,0,0
2/14/26 15:53,null,null,168,140,21,0,0,0
2/14/26 15:53,null,null,153,132,17,0,0,0
2/14/26 15:53,null,null,178,154,24,1,1,1
2/14/26 15:53,null,null,200,176,23,1,1,0
2/14/26 15:53,null,null,208,186,25,3,1,0
2/14/26 15:53,null,null,187,162,26,1,0,0
2/14/26 15:53,null,null,170,143,20,1,0,0
2/14/26 15:53,null,null,185,155,17,1,0,0
2/14/26 15:53,null,null,185,147,17,1,0,0
2/14/26 15:53,null,null,159,120,13,1,0,0
2/14/26 15:53,null,null,170,128,6,0,0,0
2/14/26 15:53,null,null,181,145,9,0,0,0
2/14/26 15:54,null,null,189,158,16,1,0,0
2/14/26 15:54,null,null,172,144,14,1,0,0
2/14/26 15:54,null,null,137,117,10,0,0,0
2/14/26 15:54,null,null,142,119,9,1,0,0
2/14/26 15:54,null,null,150,126,8,1,0,0
2/14/26 15:54,null,null,149,122,12,1,0,0
2/14/26 15:54,null,null,159,131,18,2,0,0
2/14/26 15:54,null,null,177,151,23,3,0,0
2/14/26 15:54,null,null,187,158,19,4,0,0
2/14/26 15:54,null,null,183,159,14,2,0,0
2/14/26 15:54,null,null,163,144,15,1,0,0
2/14/26 15:55,null,null,164,137,16,1,0,0
2/14/26 15:55,null,null,163,132,13,0,0,0
2/14/26 15:55,null,null,160,130,9,1,0,0
2/14/26 15:55,null,null,174,140,12,1,0,0
2/14/26 15:55,null,null,166,136,14,2,0,0
2/14/26 15:55,null,null,157,128,16,2,0,0
2/14/26 15:55,null,null,156,131,18,1,0,0
2/14/26 15:55,null,null,145,125,17,0,0,0
2/14/26 15:55,null,null,149,124,17,0,0,0
2/14/26 15:55,null,null,159,129,18,1,1,0
2/14/26 15:55,null,null,160,131,20,1,0,0
2/14/26 15:55,null,null,165,132,14,0,0,0
2/14/26 15:56,null,null,166,135,9,0,0,0
2/14/26 15:56,null,null,154,126,14,1,0,0
2/14/26 15:56,null,null,136,114,13,0,0,0
2/14/26 15:56,null,null,144,126,10,0,0,0
2/14/26 15:56,null,null,169,135,9,1,1,1
2/14/26 15:56,null,null,184,141,7,3,0,0
2/14/26 15:56,null,null,178,149,8,3,0,0
2/14/26 15:56,null,null,159,138,11,2,0,0
2/14/26 15:56,null,null,165,132,16,0,0,0
2/14/26 15:56,null,null,179,138,15,1,0,0
2/14/26 15:56,null,null,153,121,13,2,0,0
2/14/26 15:57,null,null,118,98,17,3,0,0
2/14/26 15:57,null,null,125,101,16,2,0,0
2/14/26 15:57,null,null,148,122,14,0,0,0
2/14/26 15:57,null,null,143,125,15,1,0,0
2/14/26 15:57,null,null,152,135,17,2,1,0
2/14/26 15:57,null,null,176,156,21,1,1,1
2/14/26 15:57,null,null,163,143,18,1,0,0
2/14/26 15:57,null,null,171,150,16,1,0,0
2/14/26 15:57,null,null,188,157,19,2,0,0
2/14/26 15:57,null,null,179,145,15,2,0,0
2/14/26 15:57,null,null,160,130,17,0,0,0
2/14/26 15:57,null,null,169,132,22,0,0,0
2/14/26 15:58,null,null,178,142,21,1,0,0
2/14/26 15:58,null,null,175,134,22,1,0,0
2/14/26 15:58,null,null,170,127,18,1,0,0
2/14/26 15:58,null,null,149,115,16,3,1,1
2/14/26 15:58,null,null,152,125,22,4,1,1
2/14/26 15:58,null,null,159,137,28,3,1,0
2/14/26 15:58,null,null,161,134,30,3,1,0
2/14/26 15:58,null,null,168,136,19,2,1,0
2/14/26 15:58,null,null,203,170,20,1,0,0
2/14/26 15:58,null,null,199,175,26,1,0,0
2/14/26 15:58,null,null,166,135,18,1,0,0
2/14/26 15:59,null,null,167,131,12,0,0,0
2/14/26 15:59,null,null,179,144,15,0,0,0
2/14/26 15:59,null,null,167,139,18,1,0,0
2/14/26 15:59,null,null,153,139,12,0,0,0
2/14/26 15:59,null,null,151,128,10,1,0,0
2/14/26 15:59,null,null,164,129,15,2,0,0
2/14/26 15:59,null,null,170,134,18,0,0,0
2/14/26 15:59,null,null,151,130,19,0,0,0
2/14/26 15:59,null,null,172,153,19,1,0,0
2/14/26 15:59,null,null,186,161,17,1,0,0
2/14/26 15:59,null,null,157,133,12,0,0,0
2/14/26 16:00,null,null,160,134,11,0,0,0
2/14/26 16:00,null,null,181,153,18,1,1,0
2/14/26 16:00,null,null,175,139,18,3,2,1
2/14/26 16:00,null,null,170,128,12,3,1,0
2/14/26 16:00,null,null,151,121,11,3,0,0
2/14/26 16:00,null,null,149,124,19,0,0,0
2/14/26 16:00,null,null,158,135,21,1,0,0
2/14/26 16:00,null,null,174,147,16,3,1,0
2/14/26 16:00,null,null,175,148,18,3,1,0
2/14/26 16:00,null,null,157,133,18,3,1,0
2/14/26 16:00,null,null,160,131,12,3,1,0
2/14/26 16:00,null,null,147,120,14,1,1,1
2/14/26 16:01,null,null,145,120,16,0,0,0
2/14/26 16:01,null,null,150,120,14,1,1,1
2/14/26 16:01,null,null,133,102,14,0,0,0
2/14/26 16:01,null,null,139,106,14,0,0,0
2/14/26 16:01,null,null,151,128,16,4,0,0
2/14/26 16:01,null,null,147,126,13,3,0,0
2/14/26 16:01,null,null,141,109,12,1,1,0
2/14/26 16:01,null,null,153,113,16,1,1,0
2/14/26 16:01,null,null,170,126,15,2,0,0
2/14/26 16:01,null,null,189,143,15,2,0,0
2/14/26 16:01,null,null,167,138,14,1,0,0
2/14/26 16:02,null,null,150,128,19,2,1,0
2/14/26 16:02,null,null,141,112,16,2,0,0
2/14/26 16:02,null,null,118,103,8,1,0,0
2/14/26 16:02,null,null,152,132,8,1,0,0
2/14/26 16:02,null,null,164,137,11,1,1,0
2/14/26 16:02,null,null,181,154,14,0,0,0
2/14/26 16:02,null,null,183,148,18,0,0,0
2/14/26 16:02,null,null,148,114,18,1,0,0
2/14/26 16:02,null,null,160,128,14,1,0,0
2/14/26 16:02,null,null,166,125,16,2,0,0
2/14/26 16:02,null,null,172,123,20,1,0,0
2/14/26 16:02,null,null,173,130,15,1,0,0
2/14/26 16:03,null,null,160,128,10,2,0,0
2/14/26 16:03,null,null,166,133,17,4,1,0
2/14/26 16:03,null,null,182,148,19,3,1,0
2/14/26 16:03,null,null,160,133,15,1,1,1
2/14/26 16:03,null,null,130,110,11,1,0,0
2/14/26 16:03,null,null,140,120,13,0,0,0
2/14/26 16:03,null,null,168,147,15,0,0,0
2/14/26 16:03,null,null,183,161,20,0,0,0
2/14/26 16:03,null,null,163,133,22,0,0,0
2/14/26 16:03,null,null,138,104,15,1,0,0
2/14/26 16:03,null,null,143,115,12,0,0,0
2/14/26 16:04,null,null,160,142,12,0,0,0
2/14/26 16:04,null,null,169,155,22,0,0,0
2/14/26 16:04,null,null,164,143,28,2,0,0
2/14/26 16:04,null,null,157,134,19,2,0,0
2/14/26 16:04,null,null,170,147,12,2,0,0
2/14/26 16:04,null,null,181,155,15,2,0,0
2/14/26 16:04,null,null,197,160,24,1,0,0
2/14/26 16:04,null,null,218,181,32,0,0,0
2/14/26 16:04,null,null,198,175,27,0,0,0
2/14/26 16:04,null,null,193,165,17,1,0,0
2/14/26 16:04,null,null,189,159,19,1,0,0
2/14/26 16:05,null,null,166,134,21,2,0,0
2/14/26 16:05,null,null,161,132,19,0,0,0
2/14/26 16:05,null,null,169,146,17,0,0,0
2/14/26 16:05,null,null,185,152,20,0,0,0
2/14/26 16:05,null,null,176,137,15,0,0,0
2/14/26 16:05,null,null,167,127,10,0,0,0
2/14/26 16:05,null,null,151,118,10,0,0,0
2/14/26 16:05,null,null,138,110,12,1,0,0
2/14/26 16:05,null,null,136,108,12,2,0,0
2/14/26 16:05,null,null,139,112,14,1,0,0
2/14/26 16:05,null,null,142,117,14,1,0,0
2/14/26 16:05,null,null,151,125,11,2,0,0
2/14/26 16:06,null,null,174,141,11,2,0,0
2/14/26 16:06,null,null,171,138,13,3,1,0
2/14/26 16:06,null,null,173,149,18,2,0,0
2/14/26 16:06,null,null,191,172,19,2,0,0
2/14/26 16:06,null,null,187,159,20,2,0,0
2/14/26 16:06,null,null,163,130,19,0,0,0
2/14/26 16:06,null,null,145,120,11,0,0,0
2/14/26 16:06,null,null,159,133,14,3,0,0
2/14/26 16:06,null,null,165,129,14,4,0,0
2/14/26 16:06,null,null,140,104,10,1,0,0
2/14/26 16:06,null,null,130,106,21,3,1,1
2/14/26 16:07,null,null,168,132,26,3,0,0
2/14/26 16:07,null,null,187,146,22,0,0,0
2/14/26 16:07,null,null,162,139,16,1,0,0
2/14/26 16:07,null,null,162,128,9,2,0,0
2/14/26 16:07,null,null,170,132,9,1,1,0
2/14/26 16:07,null,null,168,144,16,1,0,0
2/14/26 16:07,null,null,157,131,16,1,0,0
2/14/26 16:07,null,null,144,119,16,0,0,0
2/14/26 16:07,null,null,134,113,18,0,0,0
2/14/26 16:07,null,null,146,123,24,2,1,0
2/14/26 16:07,null,null,147,123,26,3,0,0
2/14/26 16:07,null,null,143,115,26,1,0,0
2/14/26 16:08,null,null,164,132,22,0,0,0
2/14/26 16:08,null,null,167,133,13,1,0,0
2/14/26 16:08,null,null,159,133,14,1,1,0
2/14/26 16:08,null,null,151,135,14,0,0,0
2/14/26 16:08,null,null,167,142,11,0,0,0
2/14/26 16:08,null,null,176,142,13,0,0,0
2/14/26 16:08,null,null,147,122,17,0,0,0
2/14/26 16:08,null,null,133,120,22,2,0,0
2/14/26 16:08,null,null,153,137,15,4,2,1
2/14/26 16:08,null,null,173,148,14,3,2,1
2/14/26 16:08,null,null,159,134,20,4,1,1
2/14/26 16:09,null,null,151,124,16,4,0,0
2/14/26 16:09,null,null,157,126,11,2,1,0
2/14/26 16:09,null,null,141,112,12,1,0,0
2/14/26 16:09,null,null,124,101,10,0,0,0
2/14/26 16:09,null,null,128,117,11,0,0,0
2/14/26 16:09,null,null,137,131,17,0,0,0
2/14/26 16:09,null,null,144,134,15,2,1,0
2/14/26 16:09,null,null,155,134,11,1,0,0
2/14/26 16:09,null,null,169,131,19,1,1,0
2/14/26 16:09,null,null,190,143,22,4,2,0
2/14/26 16:09,null,null,206,170,23,4,2,1
2/14/26 16:09,null,null,193,168,21,2,1,0
2/14/26 16:10,null,null,157,133,12,2,0,0
2/14/26 16:10,null,null,142,118,12,3,1,0
2/14/26 16:10,null,null,147,122,18,2,1,0
2/14/26 16:10,null,null,145,115,23,2,0,0
2/14/26 16:10,null,null,161,128,20,3,0,0
2/14/26 16:10,null,null,177,153,22,6,1,0
2/14/26 16:10,null,null,165,148,18,4,0,0
2/14/26 16:10,null,null,160,130,9,1,0,0
2/14/26 16:10,null,null,178,131,17,2,1,0
2/14/26 16:10,null,null,166,123,20,3,1,0
2/14/26 16:10,null,null,140,113,16,3,0,0
2/14/26 16:11,null,null,141,117,12,2,0,0
2/14/26 16:11,null,null,135,113,9,0,0,0
2/14/26 16:11,null,null,136,116,15,1,0,0
2/14/26 16:11,null,null,145,120,15,0,0,0
2/14/26 16:11,null,null,140,112,10,1,0,0
2/14/26 16:11,null,null,152,121,7,1,0,0
2/14/26 16:11,null,null,152,124,9,1,0,0
2/14/26 16:11,null,null,137,117,13,1,0,0
2/14/26 16:11,null,null,162,134,15,2,1,0
2/14/26 16:11,null,null,172,144,16,0,0,0
2/14/26 16:11,null,null,154,137,16,0,0,0
2/14/26 16:12,null,null,163,142,17,3,0,0
2/14/26 16:12,null,null,180,147,13,4,0,0
2/14/26 16:12,null,null,159,122,10,3,0,0
2/14/26 16:12,null,null,132,106,11,3,0,0
2/14/26 16:12,null,null,138,115,11,1,0,0
2/14/26 16:12,null,null,158,128,15,2,0,0
2/14/26 16:12,null,null,178,136,17,0,0,0
2/14/26 16:12,null,null,179,140,13,0,0,0
2/14/26 16:12,null,null,162,142,13,1,1,0
2/14/26 16:12,null,null,140,121,14,1,0,0
2/14/26 16:12,null,null,153,114,12,1,0,0
2/14/26 16:12,null,null,175,122,15,1,0,0
2/14/26 16:13,null,null,158,121,14,0,0,0
2/14/26 16:13,null,null,158,139,20,2,1,0
2/14/26 16:13,null,null,166,138,22,3,1,0
2/14/26 16:13,null,null,152,120,11,1,0,0
2/14/26 16:13,null,null,142,120,14,2,0,0
2/14/26 16:13,null,null,146,118,21,2,0,0
2/14/26 16:13,null,null,148,118,20,0,0,0
2/14/26 16:13,null,null,154,128,15,0,0,0
2/14/26 16:13,null,null,170,145,12,1,1,0
2/14/26 16:13,null,null,150,134,11,2,0,0
2/14/26 16:13,null,null,134,120,8,3,0,0
2/14/26 16:14,null,null,165,139,13,2,0,0
2/14/26 16:14,null,null,157,127,16,2,0,0
2/14/26 16:14,null,null,152,121,15,1,0,0
2/14/26 16:14,null,null,173,142,14,0,0,0
2/14/26 16:14,null,null,165,139,14,3,0,0
2/14/26 16:14,null,null,154,124,13,4,0,0
2/14/26 16:14,null,null,150,114,18,3,2,0
2/14/26 16:14,null,null,162,136,23,3,1,0
2/14/26 16:14,null,null,160,140,20,2,0,0
2/14/26 16:14,null,null,148,123,18,2,0,0
2/14/26 16:14,null,null,151,126,16,1,0,0
2/14/26 16:14,null,null,155,123,13,0,0,0
2/14/26 16:15,null,null,164,120,9,1,0,0
2/14/26 16:15,null,null,161,119,12,2,0,0
2/14/26 16:15,null,null,166,132,23,1,0,0
2/14/26 16:15,null,null,184,162,32,0,0,0
2/14/26 16:15,null,null,175,156,25,1,0,0
2/14/26 16:15,null,null,168,139,13,2,0,0
2/14/26 16:15,null,null,162,131,16,0,0,0
2/14/26 16:15,null,null,143,117,24,1,0,0
2/14/26 16:15,null,null,139,115,21,1,0,0
2/14/26 16:15,null,null,150,125,17,2,2,1
2/14/26 16:15,null,null,154,126,14,2,2,1
2/14/26 16:16,null,null,148,114,10,2,0,0
2/14/26 16:16,null,null,137,106,10,1,0,0
2/14/26 16:16,null,null,128,110,11,0,0,0
2/14/26 16:16,null,null,124,107,13,0,0,0
2/14/26 16:16,null,null,149,118,14,1,1,0
2/14/26 16:16,null,null,191,154,15,2,2,0
2/14/26 16:16,null,null,198,161,18,1,0,0
2/14/26 16:16,null,null,184,150,16,1,0,0
2/14/26 16:16,null,null,156,128,12,3,2,0
2/14/26 16:16,null,null,143,112,17,3,3,0
2/14/26 16:16,null,null,174,126,17,1,1,0
2/14/26 16:16,null,null,170,125,11,0,0,0
2/14/26 16:17,null,null,150,118,12,1,0,0
2/14/26 16:17,null,null,149,116,12,1,0,0
2/14/26 16:17,null,null,156,128,11,0,0,0
2/14/26 16:17,null,null,162,139,13,0,0,0
2/14/26 16:17,null,null,142,123,8,0,0,0
2/14/26 16:17,null,null,122,103,9,1,0,0
2/14/26 16:17,null,null,132,112,12,1,0,0
2/14/26 16:17,null,null,148,125,19,3,0,0
2/14/26 16:17,null,null,145,121,24,5,1,0
2/14/26 16:17,null,null,149,122,20,2,0,0
2/14/26 16:17,null,null,156,122,20,2,0,0
2/14/26 16:18,null,null,146,117,23,5,2,0
2/14/26 16:18,null,null,145,126,25,6,2,0
2/14/26 16:18,null,null,147,129,24,6,2,0
2/14/26 16:18,null,null,136,120,19,3,0,0
2/14/26 16:18,null,null,119,104,14,1,0,0
2/14/26 16:18,null,null,122,108,12,0,0,0
2/14/26 16:18,null,null,153,136,17,1,1,0
2/14/26 16:18,null,null,164,142,18,0,0,0
2/14/26 16:18,null,null,143,124,13,1,1,0
2/14/26 16:18,null,null,131,113,15,1,1,0
2/14/26 16:18,null,null,141,119,16,0,0,0
2/14/26 16:19,null,null,150,123,17,2,0,0
2/14/26 16:19,null,null,146,122,19,5,0,0
2/14/26 16:19,null,null,122,106,25,4,0,0
2/14/26 16:19,null,null,141,116,26,2,0,0
2/14/26 16:19,null,null,159,125,20,1,0,0
2/14/26 16:19,null,null,134,108,17,2,0,0
2/14/26 16:19,null,null,130,103,13,2,0,0
2/14/26 16:19,null,null,128,106,8,0,0,0
2/14/26 16:19,null,null,123,113,6,0,0,0
2/14/26 16:19,null,null,136,123,10,2,0,0
2/14/26 16:19,null,null,172,148,16,3,1,1
2/14/26 16:19,null,null,171,142,13,1,0,0
2/14/26 16:20,null,null,127,105,7,0,0,0
2/14/26 16:20,null,null,105,88,10,0,0,0
2/14/26 16:20,null,null,104,85,13,2,0,0
2/14/26 16:20,null,null,116,96,14,3,0,0
2/14/26 16:20,null,null,136,117,9,0,0,0
2/14/26 16:20,null,null,142,116,7,1,0,0
2/14/26 16:20,null,null,125,101,11,3,0,0
2/14/26 16:20,null,null,112,95,10,1,0,0
2/14/26 16:20,null,null,128,110,12,1,0,0
2/14/26 16:20,null,null,143,119,13,2,0,0
2/14/26 16:20,null,null,146,115,10,1,0,0
2/14/26 16:21,null,null,147,112,15,4,0,0
2/14/26 16:21,null,null,134,99,14,4,0,0
2/14/26 16:21,null,null,135,108,13,1,0,0
2/14/26 16:21,null,null,144,120,16,1,0,0
2/14/26 16:21,null,null,138,111,13,0,0,0
2/14/26 16:21,null,null,131,104,11,2,0,0
2/14/26 16:21,null,null,145,126,16,2,0,0
2/14/26 16:21,null,null,144,132,18,2,0,0
2/14/26 16:21,null,null,146,129,18,2,1,0
2/14/26 16:21,null,null,150,132,21,1,1,1
2/14/26 16:21,null,null,133,117,14,2,0,0
2/14/26 16:21,null,null,124,97,8,2,0,0
2/14/26 16:22,null,null,127,95,11,3,1,0
2/14/26 16:22,null,null,146,123,12,2,1,0
2/14/26 16:22,null,null,151,134,12,1,0,0
2/14/26 16:22,null,null,130,116,14,1,0,0
2/14/26 16:22,null,null,138,112,16,0,0,0
2/14/26 16:22,null,null,174,143,14,0,0,0
2/14/26 16:22,null,null,169,150,9,1,0,0
2/14/26 16:22,null,null,159,138,15,0,0,0
2/14/26 16:22,null,null,150,124,15,1,1,0
2/14/26 16:22,null,null,131,111,10,1,1,0
2/14/26 16:22,null,null,154,126,15,2,2,0
2/14/26 16:23,null,null,171,131,18,1,0,0
2/14/26 16:23,null,null,168,128,19,1,0,0
2/14/26 16:23,null,null,167,128,20,1,0,0
2/14/26 16:23,null,null,159,131,17,3,0,0
2/14/26 16:23,null,null,158,131,16,3,1,0
2/14/26 16:23,null,null,158,130,20,2,0,0
2/14/26 16:23,null,null,143,124,20,3,1,0
2/14/26 16:23,null,null,143,122,17,1,1,0
2/14/26 16:23,null,null,183,154,20,0,0,0
2/14/26 16:23,null,null,193,160,18,0,0,0
2/14/26 16:23,null,null,170,146,19,1,0,0
2/14/26 16:24,null,null,163,143,19,2,0,0
2/14/26 16:24,null,null,166,140,14,1,1,0
2/14/26 16:24,null,null,150,125,9,0,0,0
2/14/26 16:24,null,null,132,108,7,1,1,0
2/14/26 16:24,null,null,132,105,14,3,1,0
2/14/26 16:24,null,null,153,135,22,3,1,0
2/14/26 16:24,null,null,160,143,19,2,1,0
2/14/26 16:24,null,null,159,133,12,0,0,0
2/14/26 16:24,null,null,163,141,13,0,0,0
2/14/26 16:24,null,null,157,133,14,2,0,0
2/14/26 16:24,null,null,147,108,12,1,0,0
2/14/26 16:24,null,null,131,100,9,1,1,0
2/14/26 16:25,null,null,126,105,10,1,0,0
2/14/26 16:25,null,null,115,93,14,2,0,0
2/14/26 16:25,null,null,126,109,14,4,0,0
2/14/26 16:25,null,null,148,130,10,2,0,0
2/14/26 16:25,null,null,151,121,9,1,1,0
2/14/26 16:25,null,null,166,130,13,1,0,0
2/14/26 16:25,null,null,161,136,12,2,1,0
2/14/26 16:25,null,null,163,136,12,3,2,0
2/14/26 16:25,null,null,167,134,15,1,0,0
2/14/26 16:25,null,null,157,123,21,1,0,0
2/14/26 16:25,null,null,161,122,27,2,0,0
2/14/26 16:26,null,null,184,147,23,2,1,0
2/14/26 16:26,null,null,179,141,14,1,1,0
2/14/26 16:26,null,null,151,114,22,5,4,0
2/14/26 16:26,null,null,141,112,23,5,3,1
2/14/26 16:26,null,null,145,123,18,1,0,0
2/14/26 16:26,null,null,178,151,20,0,0,0
2/14/26 16:26,null,null,155,128,13,0,0,0
2/14/26 16:26,null,null,136,116,9,0,0,0
2/14/26 16:26,null,null,147,133,9,0,0,0
2/14/26 16:26,null,null,138,128,11,1,0,0
2/14/26 16:26,null,null,144,118,15,1,0,0
2/14/26 16:26,null,null,139,103,16,2,0,0
2/14/26 16:27,null,null,109,82,12,3,0,0
2/14/26 16:27,null,null,101,80,14,3,0,0
2/14/26 16:27,null,null,127,100,21,2,0,0
2/14/26 16:27,null,null,187,149,26,1,0,0
2/14/26 16:27,null,null,184,153,22,2,0,0
2/14/26 16:27,null,null,144,117,10,1,0,0
2/14/26 16:27,null,null,176,141,8,0,0,0
2/14/26 16:27,null,null,171,130,9,0,0,0
2/14/26 16:27,null,null,143,104,10,1,0,0
2/14/26 16:27,null,null,149,122,14,2,0,0
2/14/26 16:27,null,null,171,147,16,0,0,0
2/14/26 16:28,null,null,175,144,16,0,0,0
2/14/26 16:28,null,null,159,126,12,0,0,0
2/14/26 16:28,null,null,144,120,13,0,0,0
2/14/26 16:28,null,null,127,108,20,1,1,0
2/14/26 16:28,null,null,144,122,26,2,1,0
2/14/26 16:28,null,null,153,131,21,2,0,0
2/14/26 16:28,null,null,129,110,14,2,1,0
2/14/26 16:28,null,null,134,117,17,1,1,0
2/14/26 16:28,null,null,127,113,11,0,0,0
2/14/26 16:28,null,null,129,107,6,0,0,0
2/14/26 16:28,null,null,138,108,10,0,0,0
2/14/26 16:28,null,null,125,98,14,0,0,0
2/14/26 16:29,null,null,127,102,15,0,0,0
2/14/26 16:29,null,null,140,120,18,0,0,0
2/14/26 16:29,null,null,167,150,16,0,0,0
2/14/26 16:29,null,null,158,141,7,1,0,0
2/14/26 16:29,null,null,142,124,11,1,0,0
2/14/26 16:29,null,null,151,126,15,2,0,0
2/14/26 16:29,null,null,171,136,19,4,1,1
2/14/26 16:29,null,null,193,149,18,4,2,1
2/14/26 16:29,null,null,166,132,14,2,0,0
2/14/26 16:29,null,null,144,122,19,1,0,0
2/14/26 16:29,null,null,132,113,15,2,1,0
2/14/26 16:30,null,null,134,116,16,1,0,0
2/14/26 16:30,null,null,155,131,22,1,0,0
2/14/26 16:30,null,null,160,130,22,1,0,0
2/14/26 16:30,null,null,149,125,27,2,0,0
2/14/26 16:30,null,null,141,125,25,3,0,0
2/14/26 16:30,null,null,131,111,13,1,0,0
2/14/26 16:30,null,null,128,97,11,2,0,0
2/14/26 16:30,null,null,154,118,18,2,0,0
2/14/26 16:30,null,null,144,119,18,1,1,0
2/14/26 16:30,null,null,139,113,18,2,1,0
2/14/26 16:30,null,null,172,135,21,2,0,0
2/14/26 16:31,null,null,168,139,23,2,0,0
2/14/26 16:31,null,null,156,135,19,2,1,0
2/14/26 16:31,null,null,161,138,11,0,0,0
2/14/26 16:31,null,null,156,132,9,0,0,0
2/14/26 16:31,null,null,163,131,18,0,0,0
2/14/26 16:31,null,null,163,128,22,1,0,0
2/14/26 16:31,null,null,127,103,14,1,0,0
2/14/26 16:31,null,null,120,100,9,0,0,0
2/14/26 16:31,null,null,159,125,18,0,0,0
2/14/26 16:31,null,null,150,116,20,1,1,0
2/14/26 16:31,null,null,133,104,20,3,2,1
2/14/26 16:31,null,null,162,130,21,4,1,0
2/14/26 16:32,null,null,163,137,22,7,1,0
2/14/26 16:32,null,null,149,126,24,5,1,0
2/14/26 16:32,null,null,139,117,24,2,0,0
2/14/26 16:32,null,null,144,117,20,3,1,0
2/14/26 16:32,null,null,166,140,13,2,0,0
2/14/26 16:32,null,null,172,150,15,1,0,0
2/14/26 16:32,null,null,156,137,16,4,0,0
2/14/26 16:32,null,null,141,125,12,2,0,0
2/14/26 16:32,null,null,160,127,13,3,1,0
2/14/26 16:32,null,null,166,128,17,3,1,0
2/14/26 16:32,null,null,136,109,15,2,0,0
2/14/26 16:33,null,null,130,101,14,1,0,0
2/14/26 16:33,null,null,146,114,14,0,0,0
2/14/26 16:33,null,null,171,135,20,0,0,0
2/14/26 16:33,null,null,184,145,21,1,0,0
2/14/26 16:33,null,null,172,137,17,1,0,0
2/14/26 16:33,null,null,169,138,19,0,0,0
2/14/26 16:33,null,null,155,131,15,0,0,0
2/14/26 16:33,null,null,137,118,11,2,2,0
2/14/26 16:33,null,null,147,123,8,2,1,0
2/14/26 16:33,null,null,141,120,10,2,0,0
2/14/26 16:33,null,null,132,111,15,3,1,0
2/14/26 16:33,null,null,133,104,11,2,2,0
2/14/26 16:34,null,null,138,105,10,0,0,0
2/14/26 16:34,null,null,154,124,10,0,0,0
2/14/26 16:34,null,null,160,130,8,2,0,0
2/14/26 16:34,null,null,146,118,9,2,0,0
2/14/26 16:34,null,null,135,108,11,0,0,0
2/14/26 16:34,null,null,153,124,13,2,1,0
2/14/26 16:34,null,null,171,140,14,1,0,0
2/14/26 16:34,null,null,171,140,12,0,0,0
2/14/26 16:34,null,null,159,124,13,1,0,0
2/14/26 16:34,null,null,137,109,13,1,0,0
2/14/26 16:34,null,null,122,108,10,3,2,1
2/14/26 16:35,null,null,131,108,8,2,1,1
2/14/26 16:35,null,null,130,104,9,1,0,0
2/14/26 16:35,null,null,133,112,18,0,0,0
2/14/26 16:35,null,null,154,120,22,0,0,0
2/14/26 16:35,null,null,149,102,22,0,0,0
2/14/26 16:35,null,null,150,111,23,3,0,0
2/14/26 16:35,null,null,163,138,15,3,1,0
2/14/26 16:35,null,null,150,126,10,0,0,0
2/14/26 16:35,null,null,131,98,12,0,0,0
2/14/26 16:35,null,null,133,101,18,1,0,0
2/14/26 16:35,null,null,134,108,18,0,0,0
2/14/26 16:35,null,null,133,104,15,0,0,0
2/14/26 16:36,null,null,157,128,26,2,1,0
2/14/26 16:36,null,null,192,153,29,3,2,0
2/14/26 16:36,null,null,184,132,17,2,1,0
2/14/26 16:36,null,null,176,135,18,1,0,0
2/14/26 16:36,null,null,176,147,19,1,1,0
2/14/26 16:36,null,null,148,131,10,1,1,0
2/14/26 16:36,null,null,166,144,14,1,1,0
2/14/26 16:36,null,null,173,141,16,1,0,0
2/14/26 16:36,null,null,159,130,12,0,0,0
2/14/26 16:36,null,null,169,144,16,0,0,0
2/14/26 16:36,null,null,156,134,14,0,0,0
2/14/26 16:37,null,null,174,140,13,2,0,0
2/14/26 16:37,null,null,178,142,15,1,0,0
2/14/26 16:37,null,null,168,139,18,0,0,0
2/14/26 16:37,null,null,180,149,17,1,0,0
2/14/26 16:37,null,null,152,123,13,1,0,0
2/14/26 16:37,null,null,125,100,20,1,0,0
2/14/26 16:37,null,null,129,105,22,0,0,0
2/14/26 16:37,null,null,159,128,19,0,0,0
2/14/26 16:37,null,null,162,125,13,0,0,0
2/14/26 16:37,null,null,138,103,6,0,0,0
2/14/26 16:37,null,null,140,108,9,3,0,0
2/14/26 16:38,null,null,148,114,12,4,1,0
2/14/26 16:38,null,null,164,122,10,1,0,0
2/14/26 16:38,null,null,152,120,8,0,0,0
2/14/26 16:38,null,null,117,105,9,1,0,0
2/14/26 16:38,null,null,140,124,13,2,1,0
2/14/26 16:38,null,null,184,154,19,2,1,0
2/14/26 16:38,null,null,161,132,16,2,0,0
2/14/26 16:38,null,null,125,107,8,2,0,0
2/14/26 16:38,null,null,135,115,8,2,0,0
2/14/26 16:38,null,null,146,120,10,2,0,0
2/14/26 16:38,null,null,138,113,12,0,0,0
2/14/26 16:38,null,null,138,113,16,2,1,0
2/14/26 16:39,null,null,147,118,18,4,2,0
2/14/26 16:39,null,null,153,124,19,2,1,0
2/14/26 16:39,null,null,134,113,15,2,0,0
2/14/26 16:39,null,null,120,102,7,1,0,0
2/14/26 16:39,null,null,147,122,11,2,0,0
2/14/26 16:39,null,null,146,117,15,2,1,1
2/14/26 16:39,null,null,133,104,10,1,0,0
2/14/26 16:39,null,null,137,120,11,1,0,0
2/14/26 16:39,null,null,174,155,23,0,0,0
2/14/26 16:39,null,null,202,172,26,1,0,0
2/14/26 16:39,null,null,164,141,18,1,0,0
2/14/26 16:40,null,null,140,120,13,0,0,0
2/14/26 16:40,null,null,145,122,17,1,0,0
2/14/26 16:40,null,null,152,124,19,2,1,0
2/14/26 16:40,null,null,155,127,15,0,0,0
2/14/26 16:40,null,null,150,117,14,1,1,0
2/14/26 16:40,null,null,148,114,15,3,2,0
2/14/26 16:40,null,null,133,117,16,1,1,0
2/14/26 16:40,null,null,138,129,21,1,0,0
2/14/26 16:40,null,null,154,136,18,2,1,0
2/14/26 16:40,null,null,162,138,16,2,1,0
2/14/26 16:40,null,null,151,126,13,0,0,0
2/14/26 16:40,null,null,142,118,12,3,0,0
2/14/26 16:41,null,null,147,124,14,3,0,0
2/14/26 16:41,null,null,176,144,17,1,0,0
2/14/26 16:41,null,null,188,147,24,1,0,0
2/14/26 16:41,null,null,179,147,24,1,0,0
2/14/26 16:41,null,null,170,154,21,1,0,0
2/14/26 16:41,null,null,159,143,21,1,0,0
2/14/26 16:41,null,null,157,135,17,1,0,0
2/14/26 16:41,null,null,148,124,9,0,0,0
2/14/26 16:41,null,null,141,115,13,1,0,0
2/14/26 16:41,null,null,148,110,18,2,1,0
2/14/26 16:41,null,null,144,99,14,1,0,0
2/14/26 16:42,null,null,120,92,15,1,0,0
2/14/26 16:42,null,null,113,96,17,1,0,0
2/14/26 16:42,null,null,117,97,14,1,0,0
2/14/26 16:42,null,null,128,104,12,2,0,0
2/14/26 16:42,null,null,126,100,18,1,0,0
2/14/26 16:42,null,null,132,110,24,0,0,0
2/14/26 16:42,null,null,148,131,25,1,0,0
2/14/26 16:42,null,null,152,134,26,0,0,0
2/14/26 16:42,null,null,134,116,18,1,0,0
2/14/26 16:42,null,null,131,117,19,3,0,0
2/14/26 16:42,null,null,150,134,23,3,1,1
2/14/26 16:43,null,null,161,137,18,2,1,0
2/14/26 16:43,null,null,159,132,15,4,3,0
2/14/26 16:43,null,null,149,129,15,3,2,0
2/14/26 16:43,null,null,139,127,13,2,0,0
2/14/26 16:43,null,null,151,134,15,1,1,0
2/14/26 16:43,null,null,171,145,18,0,0,0
2/14/26 16:43,null,null,173,145,18,2,0,0
2/14/26 16:43,null,null,178,143,18,1,0,0
2/14/26 16:43,null,null,176,136,13,0,0,0
2/14/26 16:43,null,null,154,125,11,1,1,0
2/14/26 16:43,null,null,136,106,11,2,0,0
2/14/26 16:43,null,null,144,110,15,4,0,0
2/14/26 16:44,null,null,148,113,16,3,0,0
2/14/26 16:44,null,null,155,118,18,1,0,0
2/14/26 16:44,null,null,152,115,18,2,0,0
2/14/26 16:44,null,null,138,106,16,1,0,0
2/14/26 16:44,null,null,140,112,16,0,0,0
2/14/26 16:44,null,null,155,127,13,1,0,0
2/14/26 16:44,null,null,160,131,15,1,0,0
2/14/26 16:44,null,null,139,111,14,1,0,0
2/14/26 16:44,null,null,125,98,14,1,0,0
2/14/26 16:44,null,null,133,108,14,1,0,0
2/14/26 16:44,null,null,150,128,15,1,0,0
2/14/26 16:45,null,null,155,128,14,2,0,0
2/14/26 16:45,null,null,143,120,15,3,1,0
2/14/26 16:45,null,null,139,119,15,1,0,0
2/14/26 16:45,null,null,152,131,12,0,0,0
2/14/26 16:45,null,null,142,127,12,0,0,0
2/14/26 16:45,null,null,119,101,11,0,0,0
2/14/26 16:45,null,null,126,97,12,0,0,0
2/14/26 16:45,null,null,134,99,14,1,0,0
2/14/26 16:45,null,null,133,105,13,1,0,0
2/14/26 16:45,null,null,150,125,14,2,0,0
2/14/26 16:45,null,null,153,128,13,3,1,0
2/14/26 16:45,null,null,160,137,8,1,0,0
2/14/26 16:46,null,null,170,140,10,0,0,0
2/14/26 16:46,null,null,160,130,12,1,1,0
2/14/26 16:46,null,null,154,125,13,2,2,0
2/14/26 16:46,null,null,138,114,14,0,0,0
2/14/26 16:46,null,null,128,114,15,0,0,0
2/14/26 16:46,null,null,119,100,7,0,0,0
2/14/26 16:46,null,null,123,99,9,0,0,0
2/14/26 16:46,null,null,131,106,16,0,0,0
2/14/26 16:46,null,null,139,114,20,0,0,0
2/14/26 16:46,null,null,145,128,21,2,2,1
2/14/26 16:46,null,null,148,131,19,3,2,0
2/14/26 16:47,null,null,154,131,15,3,1,0
2/14/26 16:47,null,null,140,118,12,2,0,0
2/14/26 16:47,null,null,157,133,19,1,0,0
2/14/26 16:47,null,null,181,157,23,1,0,0
2/14/26 16:47,null,null,163,139,20,1,0,0
2/14/26 16:47,null,null,172,138,19,3,2,0
2/14/26 16:47,null,null,195,159,18,5,2,0
2/14/26 16:47,null,null,188,157,19,3,1,0
2/14/26 16:47,null,null,148,119,15,2,0,0
2/14/26 16:47,null,null,121,103,10,1,0,0
2/14/26 16:47,null,null,117,103,15,0,0,0
2/14/26 16:47,null,null,132,105,20,1,1,0
2/14/26 16:48,null,null,147,113,17,1,0,0
2/14/26 16:48,null,null,141,110,14,0,0,0
2/14/26 16:48,null,null,154,129,18,0,0,0
2/14/26 16:48,null,null,160,131,16,2,1,0
2/14/26 16:48,null,null,127,99,13,2,0,0
2/14/26 16:48,null,null,122,99,13,1,0,0
2/14/26 16:48,null,null,136,113,8,1,1,0
2/14/26 16:48,null,null,127,106,5,1,0,0
2/14/26 16:48,null,null,151,128,10,2,1,0
2/14/26 16:48,null,null,188,156,14,4,1,0
2/14/26 16:48,null,null,172,146,14,4,0,0
2/14/26 16:49,null,null,146,126,17,3,0,0
2/14/26 16:49,null,null,165,136,21,5,1,0
2/14/26 16:49,null,null,172,139,18,5,1,0
2/14/26 16:49,null,null,135,112,12,1,0,0
2/14/26 16:49,null,null,122,107,10,0,0,0
2/14/26 16:49,null,null,178,155,18,1,0,0
2/14/26 16:49,null,null,219,183,31,1,1,1
2/14/26 16:49,null,null,172,139,29,2,1,0
2/14/26 16:49,null,null,134,109,13,1,0,0
2/14/26 16:53,null,null,132,104,5,0,0,0
2/14/26 16:53,null,null,135,107,12,0,0,0
2/14/26 17:05,null,null,125,104,9,1,0,0
2/14/26 17:05,null,null,153,125,14,0,0,0
2/14/26 17:05,null,null,168,126,13,1,0,0
2/14/26 17:05,null,null,155,115,9,2,0,0
2/14/26 17:05,null,null,137,112,10,2,0,0
2/14/26 17:05,null,null,141,118,13,2,0,0
2/14/26 17:05,null,null,147,128,17,2,2,0
2/14/26 17:05,null,null,110,98,13,2,1,0
2/14/26 17:05,null,null,109,87,11,2,0,0
2/14/26 17:05,null,null,148,118,13,1,0,0
2/14/26 17:05,null,null,154,125,13,2,0,0
2/14/26 17:05,null,null,157,132,16,3,0,0
2/14/26 17:06,null,null,138,118,17,1,0,0
2/14/26 17:06,null,null,126,99,10,0,0,0
2/14/26 17:06,null,null,145,118,6,0,0,0
2/14/26 17:06,null,null,138,112,8,1,1,1
2/14/26 17:06,null,null,113,93,8,3,2,1
2/14/26 17:06,null,null,103,88,10,5,1,0
2/14/26 17:06,null,null,100,86,13,5,2,1
2/14/26 17:06,null,null,101,88,12,3,1,0
2/14/26 17:06,null,null,115,98,12,2,0,0
2/14/26 17:06,null,null,152,124,18,1,0,0
2/14/26 17:06,null,null,161,137,22,1,0,0
2/14/26 17:07,null,null,147,129,21,2,0,0
2/14/26 17:07,null,null,137,117,18,2,0,0
2/14/26 17:07,null,null,138,113,13,3,0,0
2/14/26 17:07,null,null,131,108,11,3,0,0
2/14/26 17:07,null,null,106,91,9,1,0,0
2/14/26 17:07,null,null,119,99,10,1,1,0
2/14/26 17:07,null,null,122,102,14,2,1,0
2/14/26 17:07,null,null,121,97,16,1,0,0
2/14/26 17:07,null,null,130,97,11,2,2,0
2/14/26 17:07,null,null,108,85,11,3,1,0
2/14/26 17:07,null,null,91,77,13,2,0,0
2/14/26 17:08,null,null,110,91,10,2,0,0
2/14/26 17:08,null,null,140,113,7,1,0,0
2/14/26 17:08,null,null,133,106,12,1,1,0
2/14/26 17:08,null,null,121,94,13,1,0,0
2/14/26 17:08,null,null,125,98,10,1,0,0
2/14/26 17:08,null,null,112,94,13,1,0,0
2/14/26 17:08,null,null,122,105,17,0,0,0
2/14/26 17:08,null,null,157,126,17,2,0,0
2/14/26 17:08,null,null,172,132,16,3,0,0
2/14/26 17:08,null,null,158,130,21,1,0,0
2/14/26 17:08,null,null,126,111,24,0,0,0
2/14/26 17:08,null,null,114,100,18,0,0,0
2/14/26 17:09,null,null,133,115,12,0,0,0
2/14/26 17:09,null,null,147,121,10,1,0,0
2/14/26 17:09,null,null,139,109,13,2,1,0
2/14/26 17:09,null,null,133,107,13,2,0,0
2/14/26 17:09,null,null,169,143,14,2,0,0
2/14/26 17:09,null,null,180,154,22,2,1,0
2/14/26 17:09,null,null,124,107,14,1,1,0
2/14/26 17:09,null,null,99,78,5,0,0,0
2/14/26 17:09,null,null,106,74,8,1,0,0
2/14/26 17:09,null,null,106,84,10,1,0,0
2/14/26 17:09,null,null,109,89,12,0,0,0
2/14/26 17:10,null,null,126,99,15,0,0,0
2/14/26 17:10,null,null,128,101,16,2,1,0
2/14/26 17:10,null,null,134,103,16,1,0,0
2/14/26 17:10,null,null,157,124,13,0,0,0
2/14/26 17:10,null,null,143,118,10,0,0,0
2/14/26 17:10,null,null,128,107,8,2,0,0
2/14/26 17:10,null,null,123,95,8,3,1,0
2/14/26 17:10,null,null,130,94,12,1,0,0
2/14/26 17:10,null,null,138,100,13,1,1,0
2/14/26 17:10,null,null,136,99,14,2,0,0
2/14/26 17:10,null,null,133,103,14,3,0,0
2/14/26 17:10,null,null,110,92,10,2,0,0
2/14/26 17:11,null,null,140,116,17,1,1,0
2/14/26 17:11,null,null,171,141,24,0,0,0
2/14/26 17:11,null,null,162,139,21,1,0,0
2/14/26 17:11,null,null,159,139,15,4,0,0
2/14/26 17:11,null,null,138,117,20,8,0,0
2/14/26 17:11,null,null,129,108,17,6,0,0
2/14/26 17:11,null,null,129,110,10,2,0,0
2/14/26 17:11,null,null,143,115,18,3,1,0
2/14/26 17:11,null,null,168,139,22,3,1,1
2/14/26 17:11,null,null,168,146,16,2,1,0
2/14/26 17:11,null,null,156,136,17,3,1,0
2/14/26 17:12,null,null,137,120,17,2,1,0
2/14/26 17:12,null,null,122,103,13,0,0,0
2/14/26 17:12,null,null,113,95,11,0,0,0
2/14/26 17:12,null,null,105,92,9,0,0,0
2/14/26 17:12,null,null,122,99,10,0,0,0
2/14/26 17:12,null,null,169,133,19,1,1,0
2/14/26 17:12,null,null,177,142,23,2,2,0
2/14/26 17:12,null,null,142,118,16,0,0,0
2/14/26 17:12,null,null,142,121,15,0,0,0
2/14/26 17:12,null,null,156,123,18,0,0,0
2/14/26 17:12,null,null,150,122,20,1,0,0
2/14/26 17:13,null,null,154,134,16,2,0,0
2/14/26 17:13,null,null,164,146,14,0,0,0
2/14/26 17:13,null,null,164,148,16,0,0,0
2/14/26 17:13,null,null,177,156,15,1,0,0
2/14/26 17:13,null,null,176,152,14,2,1,0
2/14/26 17:13,null,null,156,125,11,1,0,0
2/14/26 17:13,null,null,144,108,6,1,0,0
2/14/26 17:13,null,null,151,117,13,2,1,0
2/14/26 17:13,null,null,179,151,17,1,0,0
2/14/26 17:13,null,null,176,152,10,1,0,0
2/14/26 17:13,null,null,166,141,12,2,0,0
2/14/26 17:13,null,null,172,147,22,6,0,0
2/14/26 17:14,null,null,178,142,24,5,0,0
2/14/26 17:14,null,null,174,124,24,0,0,0
2/14/26 17:14,null,null,200,140,19,0,0,0
2/14/26 17:14,null,null,214,164,12,1,0,0
2/14/26 17:14,null,null,186,155,14,3,1,0
2/14/26 17:14,null,null,180,152,17,6,1,0
2/14/26 17:14,null,null,178,149,19,9,1,0
2/14/26 17:14,null,null,193,163,15,6,1,0
2/14/26 17:14,null,null,206,169,14,2,0,0
2/14/26 17:14,null,null,184,147,17,2,1,1
2/14/26 17:14,null,null,172,143,16,3,1,1
2/14/26 17:15,null,null,175,149,16,4,0,0
2/14/26 17:15,null,null,167,147,22,4,0,0
2/14/26 17:15,null,null,186,163,22,1,1,0
2/14/26 17:15,null,null,180,158,19,2,1,0
2/14/26 17:15,null,null,145,127,20,3,1,1
2/14/26 17:15,null,null,126,104,16,1,0,0
2/14/26 17:15,null,null,140,109,15,3,1,0
2/14/26 17:15,null,null,164,133,17,3,0,0
2/14/26 17:15,null,null,162,134,17,1,0,0
2/14/26 17:15,null,null,160,128,17,1,0,0
2/14/26 17:15,null,null,149,120,17,1,0,0
2/14/26 17:15,null,null,159,127,17,2,0,0
2/14/26 17:16,null,null,183,146,19,3,0,0
2/14/26 17:16,null,null,198,164,20,1,0,0
2/14/26 17:16,null,null,193,160,17,0,0,0
2/14/26 17:16,null,null,164,141,16,2,0,0
2/14/26 17:16,null,null,183,168,23,5,0,0
2/14/26 17:16,null,null,193,176,24,4,0,0
2/14/26 17:16,null,null,159,135,19,3,0,0
2/14/26 17:16,null,null,165,138,21,3,0,0
2/14/26 17:16,null,null,196,161,18,2,0,0
2/14/26 17:16,null,null,195,163,19,2,0,0
2/14/26 17:16,null,null,198,165,21,0,0,0
2/14/26 17:17,null,null,203,150,18,1,0,0
2/14/26 17:17,null,null,224,168,19,2,1,0
2/14/26 17:17,null,null,216,179,18,0,0,0
2/14/26 17:17,null,null,162,140,16,0,0,0
2/14/26 17:17,null,null,167,135,23,2,0,0
2/14/26 17:17,null,null,182,137,22,3,1,0
2/14/26 17:17,null,null,177,139,19,3,1,0
2/14/26 17:17,null,null,166,144,22,3,1,0
2/14/26 17:17,null,null,195,168,24,2,0,0
2/14/26 17:17,null,null,240,199,22,1,1,0
2/14/26 17:17,null,null,226,191,16,1,0,0
2/14/26 17:18,null,null,198,167,17,1,0,0
2/14/26 17:18,null,null,171,146,17,0,0,0
2/14/26 17:18,null,null,195,162,16,0,0,0
2/14/26 17:18,null,null,218,165,14,1,0,0
2/14/26 17:18,null,null,183,134,10,2,1,1
2/14/26 17:18,null,null,174,138,12,4,1,0
2/14/26 17:18,null,null,189,155,29,3,0,0
2/14/26 17:18,null,null,175,150,29,1,0,0
2/14/26 17:18,null,null,159,142,14,2,1,0
2/14/26 17:18,null,null,165,146,12,3,2,0
2/14/26 17:18,null,null,178,152,15,2,2,0
2/14/26 17:18,null,null,208,166,20,1,0,0
2/14/26 17:19,null,null,214,165,20,2,0,0
2/14/26 17:19,null,null,215,173,23,2,0,0
2/14/26 17:19,null,null,236,187,28,1,0,0
2/14/26 17:19,null,null,240,182,25,4,0,0
2/14/26 17:19,null,null,219,168,20,3,0,0
2/14/26 17:19,null,null,190,158,21,0,0,0
2/14/26 17:19,null,null,216,188,31,0,0,0
2/14/26 17:19,null,null,277,235,31,1,1,0
2/14/26 17:19,null,null,295,251,26,2,0,0
2/14/26 17:19,null,null,276,237,30,2,0,0
2/14/26 17:19,null,null,243,203,27,2,0,0
2/14/26 17:20,null,null,267,219,27,5,1,1
2/14/26 17:20,null,null,349,294,37,4,0,0
2/14/26 17:20,null,null,355,304,32,2,1,0
2/14/26 17:20,null,null,324,275,29,4,3,0
2/14/26 17:20,null,null,336,283,45,5,2,0
2/14/26 17:20,null,null,309,257,46,3,1,0
2/14/26 17:20,null,null,301,236,29,2,0,0
2/14/26 17:20,null,null,291,219,18,2,1,0
2/14/26 17:20,null,null,268,210,21,2,0,0
2/14/26 17:20,null,null,316,259,34,0,0,0
2/14/26 17:20,null,null,398,333,46,1,0,0
2/14/26 17:20,null,null,365,308,40,2,1,0
2/14/26 17:21,null,null,272,235,34,1,0,0
2/14/26 17:21,null,null,291,255,35,3,0,0
2/14/26 17:21,null,null,283,242,28,3,0,0
2/14/26 17:21,null,null,262,214,26,3,0,0
2/14/26 17:21,null,null,280,229,29,2,1,0
2/14/26 17:21,null,null,257,224,32,2,0,0
2/14/26 17:21,null,null,256,224,38,3,0,0
2/14/26 17:21,null,null,310,260,39,2,1,0
2/14/26 17:21,null,null,307,259,34,3,1,0
2/14/26 17:21,null,null,257,212,22,2,1,1
2/14/26 17:21,null,null,261,218,18,1,0,0
2/14/26 17:22,null,null,289,251,25,2,0,0
2/14/26 17:22,null,null,326,273,35,3,0,0
2/14/26 17:22,null,null,336,277,30,3,0,0
2/14/26 17:22,null,null,318,268,24,2,0,0
2/14/26 17:22,null,null,324,270,31,2,1,0
2/14/26 17:22,null,null,348,294,38,2,0,0
2/14/26 17:22,null,null,309,262,37,1,0,0
2/14/26 17:22,null,null,251,207,31,2,0,0
2/14/26 17:22,null,null,267,220,35,1,0,0
2/14/26 17:22,null,null,283,235,42,0,0,0
2/14/26 17:22,null,null,294,249,39,2,0,0
2/14/26 17:22,null,null,326,274,33,3,2,0
2/14/26 17:23,null,null,330,264,29,2,2,0
2/14/26 17:23,null,null,315,241,26,1,0,0
2/14/26 17:23,null,null,323,244,29,3,0,0
2/14/26 17:23,null,null,330,264,26,2,1,0
2/14/26 17:23,null,null,314,264,21,1,0,0
2/14/26 17:23,null,null,292,237,28,4,1,0
2/14/26 17:23,null,null,275,230,27,6,3,0
2/14/26 17:23,null,null,287,244,24,3,2,0
2/14/26 17:23,null,null,325,271,25,1,0,0
2/14/26 17:23,null,null,336,285,35,0,0,0
2/14/26 17:23,null,null,301,249,41,0,0,0
2/14/26 17:24,null,null,292,232,30,3,1,0
2/14/26 17:24,null,null,350,287,30,4,0,0
2/14/26 17:24,null,null,338,282,46,2,0,0
2/14/26 17:24,null,null,334,277,51,1,0,0
2/14/26 17:24,null,null,371,312,36,0,0,0
2/14/26 17:24,null,null,352,304,26,2,0,0
2/14/26 17:24,null,null,359,313,32,1,0,0
2/14/26 17:24,null,null,343,287,28,0,0,0
2/14/26 17:24,null,null,296,237,17,1,1,0
2/14/26 17:24,null,null,325,254,21,2,1,0
2/14/26 17:24,null,null,274,219,25,3,0,0
,,,,,,,,
,,,,,,,,
,,,,,,,,
,,,,,,,,
,,,,,,,,
,,,,,,,,
,,,,,,,,
,,,,,,,,
,,,,,,,,
,,,,,,,,
,,,,,,,,
,,,,,,,,
,,,,,,,,
,,,,,,,,
,,,,,,,,
,,,,,,,,
,,,,,,,,
,,,,,,,,
,,,,,,,,
,,,,,,,,
,,,,,,,,
,,,,,,,,
,,,,,,,,
,,,,,,,,
,,,,,,,,
,,,,,,,,
,,,,,,,,
,,,,,,,,
,,,,,,,,
,,,,,,,,
,,,,,,,,
,,,,,,,,
,,,,,,,,
,,,,,,,,
,,,,,,,,
,,,,,,,,
,,,,,,,,
,,,,,,,,
,,,,,,,,
,,,,,,,,
,,,,,,,,
,,,,,,,,
,,,,,,,,
,,,,,,,,
,,,,,,,,
,,,,,,,,
,,,,,,,,
,,,,,,,,
,,,,,,,,
,,,,,,,,
,,,,,,,,
,,,,,,,,
,,,,,,,,
,,,,,,,,
,,,,,,,,
,,,,,,,,
,,,,,,,,
,,,,,,,,
,,,,,,,,
,,,,,,,,
,,,,,,,,
,,,,,,,,
,,,,,,,,
,,,,,,,,
,,,,,,,,
,,,,,,,,
,,,,,,,,
,,,,,,,,
,,,,,,,,
,,,,,,,,
,,,,,,,,
,,,,,,,,
,,,,,,,,
,,,,,,,,
,,,,,,,,
,,,,,,,,
,,,,,,,,
,,,,,,,,
,,,,,,,,
,,,,,,,,
,,,,,,,,
,,,,,,,,
,,,,,,,,
,,,,,,,,
,,,,,,,,
,,,,,,,,
,,,,,,,,
,,,,,,,,
,,,,,,,,
,,,,,,,,
,,,,,,,,
,,,,,,,,
,,,,,,,,
,,,,,,,,
,,,,,,,,
,,,,,,,,
,,,,,,,,
,,,,,,,,
,,,,,,,,
,,,,,,,,
,,,,,,,,
,,,,,,,,
,,,,,,,,
,,,,,,,,
,,,,,,,,
,,,,,,,,
,,,,,,,,
,,,,,,,,
,,,,,,,,
,,,,,,,,
,,,,,,,,
,,,,,,,,
,,,,,,,,
,,,,,,,,
,,,,,,,,
,,,,,,,,
,,,,,,,,
,,,,,,,,
,,,,,,,,
,,,,,,,,
,,,,,,,,
,,,,,,,,
,,,,,,,,
,,,,,,,,
,,,,,,,,
,,,,,,,,
,,,,,,,,
,,,,,,,,
,,,,,,,,
,,,,,,,,
,,,,,,,,
,,,,,,,,
,,,,,,,,
,,,,,,,,
,,,,,,,,
,,,,,,,,
,,,,,,,,
,,,,,,,,
,,,,,,,,
,,,,,,,,
,,,,,,,,
,,,,,,,,
,,,,,,,,
,,,,,,,,
,,,,,,,,
,,,,,,,,
,,,,,,,,
,,,,,,,,
,,,,,,,,
,,,,,,,,
,,,,,,,,
,,,,,,,,
,,,,,,,,
,,,,,,,,
,,,,,,,,
,,,,,,,,
,,,,,,,,
,,,,,,,,
,,,,,,,,
,,,,,,,,
,,,,,,,,
,,,,,,,,
,,,,,,,,
,,,,,,,,
,,,,,,,,
,,,,,,,,
,,,,,,,,
,,,,,,,,
,,,,,,,,
,,,,,,,,
,,,,,,,,
,,,,,,,,
,,,,,,,,
,,,,,,,,
,,,,,,,,
,,,,,,,,
,,,,,,,,
,,,,,,,,
,,,,,,,,
,,,,,,,,
,,,,,,,,
,,,,,,,,
,,,,,,,,
,,,,,,,,
,,,,,,,,
,,,,,,,,
,,,,,,,,
,,,,,,,,
,,,,,,,,
,,,,,,,,
,,,,,,,,
,,,,,,,,
,,,,,,,,
,,,,,,,,
,,,,,,,,
,,,,,,,,
,,,,,,,,
,,,,,,,,
,,,,,,,,
,,,,,,,,
,,,,,,,,
,,,,,,,,
,,,,,,,,
,,,,,,,,
,,,,,,,,
,,,,,,,,
,,,,,,,,
,,,,,,,,
,,,,,,,,
,,,,,,,,
,,,,,,,,
,,,,,,,,
,,,,,,,,
,,,,,,,,
,,,,,,,,
,,,,,,,,
,,,,,,,,
,,,,,,,,
,,,,,,,,
,,,,,,,,
,,,,,,,,
,,,,,,,,
,,,,,,,,
,,,,,,,,
,,,,,,,,
,,,,,,,,
,,,,,,,,
,,,,,,,,
,,,,,,,,
,,,,,,,,
,,,,,,,,
,,,,,,,,
,,,,,,,,
,,,,,,,,
,,,,,,,,
,,,,,,,,
,,,,,,,,
,,,,,,,,
,,,,,,,,
,,,,,,,,
,,,,,,,,
,,,,,,,,
,,,,,,,,
,,,,,,,,
,,,,,,,,
,,,,,,,,
,,,,,,,,
,,,,,,,,
,,,,,,,,
,,,,,,,,
,,,,,,,,
,,,,,,,,
,,,,,,,,
,,,,,,,,
,,,,,,,,
,,,,,,,,
,,,,,,,,
,,,,,,,,
,,,,,,,,
,,,,,,,,
,,,,,,,,
,,,,,,,,
,,,,,,,,
,,,,,,,,
,,,,,,,,
,,,,,,,,
,,,,,,,,
,,,,,,,,
,,,,,,,,
,,,,,,,,
,,,,,,,,
,,,,,,,,
,,,,,,,,
,,,,,,,,
,,,,,,,,
,,,,,,,,
,,,,,,,,
,,,,,,,,
,,,,,,,,
,,,,,,,,
,,,,,,,,
,,,,,,,,
,,,,,,,,
,,,,,,,,
,,,,,,,,
,,,,,,,,
,,,,,,,,
,,,,,,,,
,,,,,,,,
,,,,,,,,
,,,,,,,,
,,,,,,,,
,,,,,,,,
,,,,,,,,
,,,,,,,,
,,,,,,,,
,,,,,,,,
,,,,,,,,
,,,,,,,,
,,,,,,,,
,,,,,,,,
,,,,,,,,
,,,,,,,,
,,,,,,,,
,,,,,,,,
,,,,,,,,
,,,,,,,,
,,,,,,,,
,,,,,,,,
,,,,,,,,
,,,,,,,,
,,,,,,,,
,,,,,,,,
,,,,,,,,
,,,,,,,,
,,,,,,,,
,,,,,,,,
,,,,,,,,
,,,,,,,,
,,,,,,,,
,,,,,,,,
,,,,,,,,
,,,,,,,,
,,,,,,,,
,,,,,,,,
,,,,,,,,
,,,,,,,,
,,,,,,,,
,,,,,,,,
,,,,,,,,
,,,,,,,,
,,,,,,,,
,,,,,,,,
,,,,,,,,
,,,,,,,,
,,,,,,,,
,,,,,,,,
,,,,,,,,
,,,,,,,,
,,,,,,,,
,,,,,,,,
,,,,,,,,
,,,,,,,,
,,,,,,,,
,,,,,,,,
,,,,,,,,
,,,,,,,,
,,,,,,,,
,,,,,,,,
,,,,,,,,
,,,,,,,,
,,,,,,,,
,,,,,,,,
,,,,,,,,
,,,,,,,,
,,,,,,,,
,,,,,,,,
,,,,,,,,
,,,,,,,,
,,,,,,,,
,,,,,,,,
,,,,,,,,
,,,,,,,,
,,,,,,,,
,,,,,,,,
,,,,,,,,
,,,,,,,,
,,,,,,,,
,,,,,,,,
,,,,,,,,
,,,,,,,,
,,,,,,,,
,,,,,,,,
,,,,,,,,
,,,,,,,,
,,,,,,,,
,,,,,,,,
,,,,,,,,
,,,,,,,,
,,,,,,,,
,,,,,,,,
,,,,,,,,
,,,,,,,,
,,,,,,,,
,,,,,,,,
,,,,,,,,
,,,,,,,,
,,,,,,,,
,,,,,,,,
,,,,,,,,
,,,,,,,,
,,,,,,,,
,,,,,,,,
,,,,,,,,
,,,,,,,,
,,,,,,,,
,,,,,,,,
,,,,,,,,
,,,,,,,,
,,,,,,,,
,,,,,,,,
,,,,,,,,
,,,,,,,,
,,,,,,,,
,,,,,,,,
,,,,,,,,
,,,,,,,,
,,,,,,,,
,,,,,,,,
,,,,,,,,
,,,,,,,,
,,,,,,,,
,,,,,,,,
,,,,,,,,
,,,,,,,,
,,,,,,,,
,,,,,,,,
,,,,,,,,
,,,,,,,,
,,,,,,,,
,,,,,,,,
,,,,,,,,
,,,,,,,,
,,,,,,,,
,,,,,,,,
,,,,,,,,
,,,,,,,,
,,,,,,,,
,,,,,,,,
,,,,,,,,
,,,,,,,,
,,,,,,,,
,,,,,,,,
,,,,,,,,
,,,,,,,,
,,,,,,,,
,,,,,,,,
,,,,,,,,
,,,,,,,,
,,,,,,,,
,,,,,,,,
,,,,,,,,
,,,,,,,,
,,,,,,,,
,,,,,,,,
,,,,,,,,
,,,,,,,,
,,,,,,,,
,,,,,,,,
,,,,,,,,
,,,,,,,,
,,,,,,,,
,,,,,,,,
,,,,,,,,
,,,,,,,,
,,,,,,,,
,,,,,,,,
,,,,,,,,
,,,,,,,,
,,,,,,,,
,,,,,,,,
,,,,,,,,
,,,,,,,,
,,,,,,,,
,,,,,,,,
,,,,,,,,
,,,,,,,,
,,,,,,,,
,,,,,,,,
,,,,,,,,
,,,,,,,,
,,,,,,,,
,,,,,,,,
,,,,,,,,
,,,,,,,,
,,,,,,,,
,,,,,,,,
,,,,,,,,
,,,,,,,,
,,,,,,,,
,,,,,,,,
,,,,,,,,
,,,,,,,,
,,,,,,,,
,,,,,,,,
,,,,,,,,
,,,,,,,,
,,,,,,,,
,,,,,,,,
,,,,,,,,
,,,,,,,,
,,,,,,,,
,,,,,,,,
,,,,,,,,
,,,,,,,,
,,,,,,,,
,,,,,,,,
,,,,,,,,
,,,,,,,,
,,,,,,,,
,,,,,,,,
,,,,,,,,
,,,,,,,,
,,,,,,,,
,,,,,,,,
,,,,,,,,
,,,,,,,,
,,,,,,,,
,,,,,,,,
,,,,,,,,
,,,,,,,,
,,,,,,,,
,,,,,,,,
,,,,,,,,
,,,,,,,,
,,,,,,,,
,,,,,,,,
,,,,,,,,
,,,,,,,,
,,,,,,,,
,,,,,,,,
,,,,,,,,
,,,,,,,,
,,,,,,,,
,,,,,,,,
,,,,,,,,
,,,,,,,,
,,,,,,,,
,,,,,,,,
,,,,,,,,
,,,,,,,,
,,,,,,,,
,,,,,,,,
,,,,,,,,
,,,,,,,,
,,,,,,,,
,,,,,,,,
,,,,,,,,
,,,,,,,,
,,,,,,,,
,,,,,,,,
,,,,,,,,
,,,,,,,,
,,,,,,,,
,,,,,,,,
,,,,,,,,
,,,,,,,,
,,,,,,,,
,,,,,,,,
,,,,,,,,
,,,,,,,,
,,,,,,,,
,,,,,,,,
,,,,,,,,
,,,,,,,,
,,,,,,,,
,,,,,,,,
,,,,,,,,
,,,,,,,,
,,,,,,,,
,,,,,,,,
,,,,,,,,
,,,,,,,,
,,,,,,,,
,,,,,,,,
,,,,,,,,
,,,,,,,,
,,,,,,,,
,,,,,,,,
,,,,,,,,
,,,,,,,,
,,,,,,,,
,,,,,,,,
,,,,,,,,
,,,,,,,,
,,,,,,,,
,,,,,,,,
,,,,,,,,
,,,,,,,,
,,,,,,,,
,,,,,,,,
,,,,,,,,
,,,,,,,,
,,,,,,,,
,,,,,,,,
,,,,,,,,
,,,,,,,,
,,,,,,,,
,,,,,,,,
,,,,,,,,
,,,,,,,,
,,,,,,,,
,,,,,,,,
,,,,,,,,
,,,,,,,,
,,,,,,,,
,,,,,,,,
,,,,,,,,
,,,,,,,,
,,,,,,,,
,,,,,,,,
,,,,,,,,
,,,,,,,,
,,,,,,,,
,,,,,,,,
,,,,,,,,
,,,,,,,,
,,,,,,,,
,,,,,,,,
,,,,,,,,
,,,,,,,,
,,,,,,,,
,,,,,,,,
,,,,,,,,
,,,,,,,,
,,,,,,,,
,,,,,,,,
,,,,,,,,
,,,,,,,,
,,,,,,,,
,,,,,,,,
,,,,,,,,
,,,,,,,,
,,,,,,,,
,,,,,,,,
,,,,,,,,
,,,,,,,,
,,,,,,,,
,,,,,,,,
,,,,,,,,
,,,,,,,,
,,,,,,,,
,,,,,,,,
,,,,,,,,
,,,,,,,,
,,,,,,,,
,,,,,,,,
,,,,,,,,
,,,,,,,,
,,,,,,,,
,,,,,,,,
,,,,,,,,
,,,,,,,,
,,,,,,,,
,,,,,,,,
,,,,,,,,
,,,,,,,,
,,,,,,,,
,,,,,,,,
,,,,,,,,
,,,,,,,,
,,,,,,,,
,,,,,,,,
,,,,,,,,
,,,,,,,,
,,,,,,,,
,,,,,,,,
,,,,,,,,
,,,,,,,,
,,,,,,,,
,,,,,,,,
,,,,,,,,
,,,,,,,,
,,,,,,,,
,,,,,,,,
,,,,,,,,
,,,,,,,,
,,,,,,,,
,,,,,,,,
,,,,,,,,
,,,,,,,,
,,,,,,,,
,,,,,,,,
,,,,,,,,
,,,,,,,,
,,,,,,,,
,,,,,,,,
,,,,,,,,
,,,,,,,,
,,,,,,,,
,,,,,,,,
,,,,,,,,
,,,,,,,,
,,,,,,,,
,,,,,,,,
,,,,,,,,
,,,,,,,,
,,,,,,,,
,,,,,,,,
,,,,,,,,
,,,,,,,,
,,,,,,,,
,,,,,,,,
,,,,,,,,
,,,,,,,,
,,,,,,,,
,,,,,,,,
,,,,,,,,
,,,,,,,,
,,,,,,,,
,,,,,,,,
,,,,,,,,
,,,,,,,,
,,,,,,,,
,,,,,,,,
,,,,,,,,
,,,,,,,,
,,,,,,,,
,,,,,,,,
,,,,,,,,
,,,,,,,,
,,,,,,,,
,,,,,,,,
,,,,,,,,
,,,,,,,,
,,,,,,,,
,,,,,,,,
,,,,,,,,
,,,,,,,,
,,,,,,,,
,,,,,,,,
,,,,,,,,
,,,,,,,,
,,,,,,,,
,,,,,,,,
,,,,,,,,
,,,,,,,,
,,,,,,,,
,,,,,,,,
,,,,,,,,
,,,,,,,,
,,,,,,,,
,,,,,,,,
,,,,,,,,
,,,,,,,,
,,,,,,,,
,,,,,,,,
,,,,,,,,
,,,,,,,,
,,,,,,,,
,,,,,,,,
,,,,,,,,
,,,,,,,,
,,,,,,,,
,,,,,,,,
,,,,,,,,
,,,,,,,,
,,,,,,,,
,,,,,,,,
,,,,,,,,
,,,,,,,,
,,,,,,,,
,,,,,,,,
,,,,,,,,
,,,,,,,,
,,,,,,,,
,,,,,,,,
,,,,,,,,
,,,,,,,,
,,,,,,,,
,,,,,,,,
,,,,,,,,
,,,,,,,,
,,,,,,,,
,,,,,,,,
,,,,,,,,
,,,,,,,,
,,,,,,,,
,,,,,,,,
,,,,,,,,
,,,,,,,,
,,,,,,,,
,,,,,,,,
,,,,,,,,
,,,,,,,,
,,,,,,,,
,,,,,,,,
,,,,,,,,
,,,,,,,,
,,,,,,,,
,,,,,,,,
,,,,,,,,
,,,,,,,,
,,,,,,,,
,,,,,,,,
,,,,,,,,
,,,,,,,,
,,,,,,,,
,,,,,,,,
,,,,,,,,
,,,,,,,,
,,,,,,,,
,,,,,,,,
,,,,,,,,
,,,,,,,,
,,,,,,,,
,,,,,,,,
,,,,,,,,
,,,,,,,,
,,,,,,,,
,,,,,,,,
,,,,,,,,
,,,,,,,,
,,,,,,,,
,,,,,,,,
,,,,,,,,
,,,,,,,,
,,,,,,,,
,,,,,,,,
,,,,,,,,
,,,,,,,,
,,,,,,,,
,,,,,,,,
,,,,,,,,
,,,,,,,,
,,,,,,,,
,,,,,,,,
,,,,,,,,
,,,,,,,,
,,,,,,,,
,,,,,,,,
,,,,,,,,
,,,,,,,,
,,,,,,,,
,,,,,,,,
,,,,,,,,
,,,,,,,,
,,,,,,,,
,,,,,,,,
,,,,,,,,
,,,,,,,,
,,,,,,,,
,,,,,,,,
,,,,,,,,
,,,,,,,,
,,,,,,,,
,,,,,,,,
,,,,,,,,
,,,,,,,,
,,,,,,,,
,,,,,,,,
,,,,,,,,
,,,,,,,,
,,,,,,,,
,,,,,,,,
,,,,,,,,
,,,,,,,,
,,,,,,,,
,,,,,,,,
,,,,,,,,
,,,,,,,,
,,,,,,,,
,,,,,,,,
,,,,,,,,
,,,,,,,,
,,,,,,,,
,,,,,,,,
,,,,,,,,
,,,,,,,,
,,,,,,,,
,,,,,,,,
,,,,,,,,
,,,,,,,,
,,,,,,,,
,,,,,,,,
,,,,,,,,
,,,,,,,,
,,,,,,,,
,,,,,,,,
,,,,,,,,
,,,,,,,,
,,,,,,,,
,,,,,,,,
,,,,,,,,
,,,,,,,,
,,,,,,,,
,,,,,,,,
,,,,,,,,
,,,,,,,,
,,,,,,,,
,,,,,,,,
,,,,,,,,
,,,,,,,,
,,,,,,,,
,,,,,,,,
,,,,,,,,
,,,,,,,,
,,,,,,,,
,,,,,,,,
,,,,,,,,
,,,,,,,,
,,,,,,,,
,,,,,,,,
,,,,,,,,
,,,,,,,,
,,,,,,,,
,,,,,,,,
,,,,,,,,
,,,,,,,,
,,,,,,,,
,,,,,,,,
,,,,,,,,
,,,,,,,,
,,,,,,,,
,,,,,,,,
,,,,,,,,
,,,,,,,,
,,,,,,,,
,,,,,,,,
,,,,,,,,
,,,,,,,,
,,,,,,,,
,,,,,,,,
,,,,,,,,
,,,,,,,,
,,,,,,,,
,,,,,,,,
,,,,,,,,
,,,,,,,,
,,,,,,,,
,,,,,,,,
,,,,,,,,
,,,,,,,,
,,,,,,,,
,,,,,,,,
,,,,,,,,
,,,,,,,,
,,,,,,,,
,,,,,,,,
,,,,,,,,
,,,,,,,,
,,,,,,,,
,,,,,,,,
,,,,,,,,
,,,,,,,,
,,,,,,,,
,,,,,,,,
,,,,,,,,
,,,,,,,,
,,,,,,,,
,,,,,,,,
,,,,,,,,
,,,,,,,,
,,,,,,,,
,,,,,,,,
,,,,,,,,
,,,,,,,,
,,,,,,,,
,,,,,,,,
,,,,,,,,
,,,,,,,,
,,,,,,,,
,,,,,,,,
,,,,,,,,
,,,,,,,,
,,,,,,,,
,,,,,,,,
,,,,,,,,
,,,,,,,,
,,,,,,,,
,,,,,,,,
,,,,,,,,
,,,,,,,,
,,,,,,,,
,,,,,,,,
,,,,,,,,
,,,,,,,,
,,,,,,,,
,,,,,,,,
,,,,,,,,
,,,,,,,,
,,,,,,,,
,,,,,,,,
,,,,,,,,
,,,,,,,,
,,,,,,,,
,,,,,,,,
,,,,,,,,
,,,,,,,,
,,,,,,,,
,,,,,,,,
,,,,,,,,
,,,,,,,,
,,,,,,,,
,,,,,,,,
,,,,,,,,
,,,,,,,,
,,,,,,,,
,,,,,,,,
,,,,,,,,
,,,,,,,,
,,,,,,,,
,,,,,,,,
,,,,,,,,
,,,,,,,,
,,,,,,,,
,,,,,,,,
,,,,,,,,
,,,,,,,,
,,,,,,,,
,,,,,,,,
,,,,,,,,
,,,,,,,,
,,,,,,,,
,,,,,,,,
,,,,,,,,
,,,,,,,,
,,,,,,,,
,,,,,,,,
,,,,,,,,
,,,,,,,,
,,,,,,,,
,,,,,,,,
,,,,,,,,
,,,,,,,,
,,,,,,,,
,,,,,,,,
,,,,,,,,
,,,,,,,,
,,,,,,,,
,,,,,,,,
,,,,,,,,
,,,,,,,,
,,,,,,,,
,,,,,,,,
,,,,,,,,
,,,,,,,,
,,,,,,,,
,,,,,,,,
,,,,,,,,
,,,,,,,,
,,,,,,,,
,,,,,,,,
,,,,,,,,
,,,,,,,,
,,,,,,,,
,,,,,,,,
,,,,,,,,
,,,,,,,,
,,,,,,,,
,,,,,,,,
,,,,,,,,
,,,,,,,,
,,,,,,,,
,,,,,,,,
,,,,,,,,
,,,,,,,,
,,,,,,,,
,,,,,,,,
,,,,,,,,
,,,,,,,,
,,,,,,,,
,,,,,,,,
,,,,,,,,
,,,,,,,,
,,,,,,,,
,,,,,,,,
,,,,,,,,
,,,,,,,,
,,,,,,,,
,,,,,,,,
,,,,,,,,
,,,,,,,,
,,,,,,,,
,,,,,,,,
,,,,,,,,
,,,,,,,,
,,,,,,,,
,,,,,,,,
,,,,,,,,
,,,,,,,,
,,,,,,,,
,,,,,,,,
,,,,,,,,
,,,,,,,,
,,,,,,,,
,,,,,,,,
,,,,,,,,
,,,,,,,,
,,,,,,,,
,,,,,,,,
,,,,,,,,
,,,,,,,,
,,,,,,,,
,,,,,,,,
,,,,,,,,
,,,,,,,,
,,,,,,,,
,,,,,,,,
,,,,,,,,
,,,,,,,,
,,,,,,,,
,,,,,,,,
,,,,,,,,
,,,,,,,,
,,,,,,,,
,,,,,,,,
,,,,,,,,
,,,,,,,,
,,,,,,,,
,,,,,,,,
,,,,,,,,
,,,,,,,,
,,,,,,,,
,,,,,,,,
,,,,,,,,
,,,,,,,,
,,,,,,,,
,,,,,,,,
,,,,,,,,
,,,,,,,,
,,,,,,,,
,,,,,,,,
,,,,,,,,
,,,,,,,,
,,,,,,,,
,,,,,,,,
,,,,,,,,
,,,,,,,,
,,,,,,,,
,,,,,,,,
,,,,,,,,
,,,,,,,,
,,,,,,,,
,,,,,,,,
,,,,,,,,
,,,,,,,,
,,,,,,,,
,,,,,,,,
,,,,,,,,
,,,,,,,,
,,,,,,,,
,,,,,,,,
,,,,,,,,
,,,,,,,,
,,,,,,,,
,,,,,,,,
,,,,,,,,
,,,,,,,,
,,,,,,,,
,,,,,,,,
,,,,,,,,
,,,,,,,,
,,,,,,,,
,,,,,,,,
,,,,,,,,
,,,,,,,,
,,,,,,,,
,,,,,,,,
,,,,,,,,
,,,,,,,,
,,,,,,,,
,,,,,,,,
,,,,,,,,
,,,,,,,,
,,,,,,,,
,,,,,,,,
,,,,,,,,
,,,,,,,,
,,,,,,,,
,,,,,,,,
,,,,,,,,
,,,,,,,,
,,,,,,,,
,,,,,,,,
,,,,,,,,
,,,,,,,,
,,,,,,,,
,,,,,,,,
,,,,,,,,
,,,,,,,,
,,,,,,,,
,,,,,,,,
,,,,,,,,
,,,,,,,,
,,,,,,,,
,,,,,,,,
,,,,,,,,
,,,,,,,,
,,,,,,,,
,,,,,,,,
,,,,,,,,
,,,,,,,,
,,,,,,,,
,,,,,,,,
,,,,,,,,
,,,,,,,,
,,,,,,,,
,,,,,,,,
,,,,,,,,
,,,,,,,,
,,,,,,,,
,,,,,,,,
,,,,,,,,
,,,,,,,,
,,,,,,,,
,,,,,,,,
,,,,,,,,
,,,,,,,,
,,,,,,,,
,,,,,,,,
,,,,,,,,
,,,,,,,,
,,,,,,,,
,,,,,,,,
,,,,,,,,
,,,,,,,,
,,,,,,,,
,,,,,,,,
,,,,,,,,
,,,,,,,,
,,,,,,,,
,,,,,,,,
,,,,,,,,
,,,,,,,,
,,,,,,,,
,,,,,,,,
,,,,,,,,
,,,,,,,,
,,,,,,,,
,,,,,,,,
,,,,,,,,
,,,,,,,,
,,,,,,,,
,,,,,,,,
,,,,,,,,
,,,,,,,,
,,,,,,,,
,,,,,,,,
,,,,,,,,
,,,,,,,,
,,,,,,,,
,,,,,,,,
,,,,,,,,
,,,,,,,,
,,,,,,,,
,,,,,,,,
,,,,,,,,
,,,,,,,,
,,,,,,,,
,,,,,,,,
,,,,,,,,
,,,,,,,,
,,,,,,,,
,,,,,,,,
,,,,,,,,
,,,,,,,,
,,,,,,,,
,,,,,,,,
,,,,,,,,
,,,,,,,,
,,,,,,,,
,,,,,,,,
,,,,,,,,
,,,,,,,,
,,,,,,,,
,,,,,,,,
,,,,,,,,
,,,,,,,,
,,,,,,,,
,,,,,,,,
,,,,,,,,
,,,,,,,,
,,,,,,,,
,,,,,,,,
,,,,,,,,
,,,,,,,,
,,,,,,,,
,,,,,,,,
,,,,,,,,
,,,,,,,,
,,,,,,,,
,,,,,,,,
,,,,,,,,
,,,,,,,,
,,,,,,,,
,,,,,,,,
,,,,,,,,
,,,,,,,,
,,,,,,,,
,,,,,,,,
,,,,,,,,
,,,,,,,,
,,,,,,,,
,,,,,,,,
,,,,,,,,
,,,,,,,,
,,,,,,,,
,,,,,,,,
,,,,,,,,
,,,,,,,,
,,,,,,,,
,,,,,,,,
,,,,,,,,
,,,,,,,,
,,,,,,,,
,,,,,,,,
,,,,,,,,
,,,,,,,,
,,,,,,,,
,,,,,,,,
,,,,,,,,
,,,,,,,,
,,,,,,,,
,,,,,,,,
,,,,,,,,
,,,,,,,,
,,,,,,,,
,,,,,,,,
,,,,,,,,
,,,,,,,,
,,,,,,,,
,,,,,,,,
,,,,,,,,
,,,,,,,,
,,,,,,,,
,,,,,,,,
,,,,,,,,
,,,,,,,,
,,,,,,,,
,,,,,,,,
,,,,,,,,
,,,,,,,,
,,,,,,,,
,,,,,,,,
,,,,,,,,
,,,,,,,,
,,,,,,,,
,,,,,,,,
,,,,,,,,
,,,,,,,,
,,,,,,,,
,,,,,,,,
,,,,,,,,
,,,,,,,,
,,,,,,,,
,,,,,,,,
,,,,,,,,
,,,,,,,,
,,,,,,,,
,,,,,,,,
,,,,,,,,
,,,,,,,,
,,,,,,,,
,,,,,,,,
,,,,,,,,
,,,,,,,,
2/17/26 18:40,null,null,40,37,7,2,0,0
2/17/26 18:41,null,null,34,28,3,1,0,0
2/17/26 18:41,null,null,33,26,3,0,0,0
2/17/26 18:41,null,null,39,34,9,1,0,0
2/17/26 18:41,null,null,35,33,11,0,0,0
2/17/26 18:41,null,null,29,28,5,0,0,0
2/17/26 18:41,null,null,23,21,1,0,0,0
2/17/26 18:41,null,null,21,17,3,0,0,0
2/17/26 18:41,null,null,29,24,5,1,1,0
2/17/26 18:41,null,null,39,35,7,1,0,0
2/17/26 18:41,null,null,52,44,9,0,0,0
2/17/26 18:41,null,null,75,58,7,0,0,0
2/17/26 18:41,null,null,59,48,6,1,1,1
2/17/26 18:42,null,null,28,24,6,0,0,0
2/17/26 18:42,null,null,30,26,6,1,1,0
2/17/26 18:42,null,null,34,29,6,1,0,0
2/17/26 18:42,null,null,39,33,8,1,0,0
2/17/26 18:42,null,null,47,38,7,0,0,0
2/17/26 18:42,null,null,44,34,4,1,0,0
2/17/26 18:42,null,null,32,25,3,0,0,0
2/17/26 18:42,null,null,39,33,2,0,0,0
2/17/26 18:42,null,null,49,40,4,2,2,0
2/17/26 18:42,null,null,54,39,7,3,1,0
2/17/26 18:42,null,null,42,32,5,1,0,0
2/17/26 18:43,null,null,25,22,3,0,0,0
2/17/26 18:43,null,null,30,29,3,0,0,0
2/17/26 18:43,null,null,38,37,8,1,0,0
2/17/26 18:43,null,null,59,54,10,1,0,0
2/17/26 18:43,null,null,59,53,6,1,0,0
2/17/26 18:43,null,null,32,29,7,1,0,0
2/17/26 18:43,null,null,28,26,9,0,0,0
2/17/26 18:43,null,null,35,26,8,0,0,0
2/17/26 18:43,null,null,40,23,5,0,0,0
2/17/26 18:43,null,null,32,21,5,0,0,0
2/17/26 18:43,null,null,35,31,10,3,0,0
2/17/26 18:43,null,null,38,37,10,4,0,0
2/17/26 18:44,null,null,24,22,5,2,0,0
2/17/26 18:44,null,null,17,13,2,1,0,0
2/17/26 18:44,null,null,17,14,1,0,0,0
2/17/26 18:44,null,null,20,20,3,0,0,0
2/17/26 18:44,null,null,22,22,7,1,0,0
2/17/26 18:44,null,null,26,25,9,1,1,0
2/17/26 18:44,null,null,31,29,7,0,0,0
2/17/26 18:44,null,null,30,26,2,0,0,0
2/17/26 18:44,null,null,33,25,0,0,0,0
2/17/26 18:44,null,null,38,32,3,0,0,0
2/17/26 18:44,null,null,43,39,9,2,0,0
2/17/26 18:45,null,null,45,40,14,3,0,0
2/17/26 18:45,null,null,58,51,13,2,0,0
2/17/26 18:45,null,null,47,40,7,1,0,0
2/17/26 18:45,null,null,21,18,6,1,1,0
2/17/26 18:45,null,null,22,20,6,1,0,0
2/17/26 18:45,null,null,32,30,5,0,0,0
2/17/26 18:45,null,null,32,29,5,0,0,0
2/17/26 18:45,null,null,30,27,5,0,0,0
2/17/26 18:45,null,null,35,31,6,0,0,0
2/17/26 18:45,null,null,48,39,7,0,0,0
2/17/26 18:45,null,null,54,44,10,0,0,0
2/17/26 18:45,null,null,30,26,8,1,1,1
2/17/26 18:46,null,null,23,19,5,0,0,0
2/17/26 18:46,null,null,26,24,9,0,0,0
2/17/26 18:46,null,null,30,30,9,0,0,0
2/17/26 18:46,null,null,28,25,7,0,0,0
2/17/26 18:46,null,null,23,17,5,2,0,0
2/17/26 18:46,null,null,25,18,3,1,0,0
2/17/26 18:46,null,null,41,36,4,0,0,0
2/17/26 18:46,null,null,47,45,8,2,0,0
2/17/26 18:46,null,null,39,34,11,3,0,0
2/17/26 18:46,null,null,35,31,10,1,0,0
2/17/26 18:46,null,null,38,34,5,1,0,0
2/17/26 18:47,null,null,55,47,4,0,0,0
2/17/26 18:47,null,null,45,38,5,0,0,0
2/17/26 18:47,null,null,27,23,4,0,0,0
2/17/26 18:47,null,null,32,27,3,0,0,0
2/17/26 18:47,null,null,44,40,7,1,0,0
2/17/26 18:47,null,null,49,45,10,1,0,0
2/17/26 18:47,null,null,41,39,8,1,1,0
2/17/26 18:47,null,null,35,33,5,0,0,0
2/17/26 18:47,null,null,36,33,4,0,0,0
2/17/26 18:47,null,null,34,31,5,1,0,0
2/17/26 18:47,null,null,26,23,3,0,0,0
2/17/26 18:48,null,null,28,25,5,0,0,0
2/17/26 18:48,null,null,28,25,7,1,1,1
2/17/26 18:48,null,null,39,33,9,0,0,0
2/17/26 18:48,null,null,51,45,9,0,0,0
2/17/26 18:48,null,null,55,50,14,0,0,0
2/17/26 18:48,null,null,54,46,11,0,0,0
2/17/26 18:48,null,null,50,44,6,0,0,0
2/17/26 18:48,null,null,52,46,8,0,0,0
2/17/26 18:48,null,null,37,33,5,0,0,0
2/17/26 18:48,null,null,31,30,3,0,0,0
2/17/26 18:48,null,null,34,34,4,0,0,0
2/17/26 18:48,null,null,29,28,6,0,0,0
2/17/26 18:49,null,null,40,37,8,1,1,1
2/17/26 18:49,null,null,52,47,8,1,1,1
2/17/26 18:49,null,null,36,32,8,0,0,0
2/17/26 18:49,null,null,20,18,4,0,0,0
2/17/26 18:49,null,null,21,18,3,0,0,0
2/17/26 18:49,null,null,23,19,2,1,0,0
2/17/26 18:49,null,null,21,19,3,0,0,0
2/17/26 18:49,null,null,31,30,5,0,0,0
2/17/26 18:49,null,null,40,39,7,1,0,0
2/17/26 18:49,null,null,42,42,9,2,0,0
2/17/26 18:49,null,null,39,39,10,3,2,0
2/17/26 18:50,null,null,35,33,9,2,2,0
2/17/26 18:50,null,null,28,25,6,1,1,0
2/17/26 18:50,null,null,24,22,7,1,0,0
2/17/26 18:50,null,null,29,27,8,3,0,0
2/17/26 18:50,null,null,29,27,7,2,1,0
2/17/26 18:50,null,null,26,24,6,0,0,0
2/17/26 18:50,null,null,27,23,6,0,0,0
2/17/26 18:50,null,null,38,33,9,2,1,0
2/17/26 18:50,null,null,41,36,12,3,0,0
2/17/26 18:50,null,null,32,29,8,1,0,0
2/17/26 18:50,null,null,25,23,3,1,0,0
2/17/26 18:50,null,null,21,19,3,1,0,0
2/17/26 18:51,null,null,31,27,6,0,0,0
2/17/26 18:51,null,null,34,29,7,0,0,0
2/17/26 18:51,null,null,29,26,5,1,0,0
2/17/26 18:51,null,null,34,32,9,2,0,0
2/17/26 18:51,null,null,36,32,9,1,0,0
2/17/26 18:51,null,null,35,33,7,1,0,0
2/17/26 18:51,null,null,35,34,6,0,0,0
2/17/26 18:51,null,null,25,24,2,0,0,0
2/17/26 18:51,null,null,21,18,0,0,0,0
2/17/26 18:51,null,null,35,27,2,0,0,0
2/17/26 18:51,null,null,53,43,8,1,0,0
2/17/26 18:52,null,null,49,42,7,0,0,0
2/17/26 18:52,null,null,35,30,3,0,0,0
2/17/26 18:52,null,null,28,22,5,2,0,0
2/17/26 18:52,null,null,34,24,8,1,0,0
2/17/26 18:52,null,null,39,29,8,0,0,0
2/17/26 18:52,null,null,24,20,4,0,0,0
2/17/26 18:52,null,null,22,19,4,0,0,0
2/17/26 18:52,null,null,26,21,6,0,0,0
2/17/26 18:52,null,null,20,15,5,0,0,0
2/17/26 18:52,null,null,18,16,6,0,0,0
2/17/26 18:52,null,null,19,18,6,0,0,0
2/17/26 18:53,null,null,27,22,4,0,0,0
2/17/26 18:53,null,null,39,32,8,0,0,0
2/17/26 18:53,null,null,29,24,8,0,0,0
2/17/26 18:53,null,null,20,18,4,1,1,0
2/17/26 18:53,null,null,29,27,3,0,0,0
2/17/26 18:53,null,null,46,43,7,2,1,0
2/17/26 18:53,null,null,52,48,9,2,0,0
2/17/26 18:53,null,null,36,34,8,1,0,0
2/17/26 18:53,null,null,28,27,9,1,0,0
2/17/26 18:53,null,null,30,29,6,1,0,0
2/17/26 18:53,null,null,61,52,7,1,0,0
2/17/26 18:53,null,null,73,59,7,1,0,0
2/17/26 18:54,null,null,48,36,5,1,0,0
2/17/26 18:54,null,null,43,33,4,0,0,0
2/17/26 18:54,null,null,39,34,6,0,0,0
2/17/26 18:54,null,null,34,32,6,2,0,0
2/17/26 18:54,null,null,32,28,4,1,0,0
2/17/26 18:54,null,null,40,36,5,0,0,0
2/17/26 18:54,null,null,39,37,5,1,0,0
2/17/26 18:54,null,null,26,24,5,1,0,0
2/17/26 18:54,null,null,41,37,6,2,1,0
2/17/26 18:54,null,null,70,62,5,0,0,0
2/17/26 18:54,null,null,55,49,7,1,0,0
2/17/26 18:55,null,null,26,22,8,2,0,0
2/17/26 18:55,null,null,25,19,6,1,0,0
2/17/26 18:55,null,null,27,22,8,1,1,0
2/17/26 18:55,null,null,28,25,9,1,0,0
2/17/26 18:55,null,null,36,34,10,0,0,0
2/17/26 18:55,null,null,47,45,16,1,1,1
2/17/26 18:55,null,null,38,34,12,1,0,0
2/17/26 18:55,null,null,27,22,4,0,0,0
2/17/26 18:55,null,null,23,21,5,1,0,0
2/17/26 18:55,null,null,28,27,8,2,0,0
2/17/26 18:55,null,null,71,66,14,2,0,0
2/17/26 18:55,null,null,83,77,14,1,0,0
2/17/26 18:56,null,null,42,41,9,1,0,0
2/17/26 18:56,null,null,26,23,7,1,0,0
2/17/26 18:56,null,null,37,31,6,3,1,0
2/17/26 18:56,null,null,40,33,6,3,2,0
2/17/26 18:56,null,null,26,23,4,0,0,0
2/17/26 18:56,null,null,26,24,5,0,0,0
2/17/26 18:56,null,null,30,23,6,0,0,0
2/17/26 18:56,null,null,38,24,7,0,0,0
2/17/26 18:56,null,null,38,26,10,0,0,0
2/17/26 18:56,null,null,28,22,8,0,0,0
2/17/26 18:56,null,null,29,25,7,0,0,0
2/17/26 18:57,null,null,33,30,5,1,0,0
2/17/26 18:57,null,null,31,26,2,1,0,0
2/17/26 18:57,null,null,26,20,1,0,0,0
2/17/26 18:57,null,null,37,31,2,1,1,0
2/17/26 18:57,null,null,47,38,3,1,0,0
2/17/26 18:57,null,null,46,39,5,1,0,0
2/17/26 18:57,null,null,39,36,6,2,0,0
2/17/26 18:57,null,null,38,32,7,3,1,0
2/17/26 18:57,null,null,56,41,7,1,1,0
2/17/26 18:57,null,null,44,34,5,0,0,0
2/17/26 18:57,null,null,22,20,2,0,0,0
2/17/26 18:58,null,null,32,30,11,2,0,0
2/17/26 18:58,null,null,37,33,13,2,0,0
2/17/26 18:58,null,null,31,27,5,0,0,0
2/17/26 18:58,null,null,45,39,6,0,0,0
2/17/26 18:58,null,null,49,42,7,0,0,0
2/17/26 18:58,null,null,53,42,13,1,1,0
2/17/26 18:58,null,null,50,38,14,1,1,0
2/17/26 18:58,null,null,32,26,8,2,1,1
2/17/26 18:58,null,null,30,27,5,0,0,0
2/17/26 18:58,null,null,36,31,7,1,0,0
2/17/26 18:58,null,null,32,28,7,1,0,0
2/17/26 18:58,null,null,23,19,4,0,0,0
2/17/26 18:59,null,null,24,20,4,0,0,0
2/17/26 18:59,null,null,31,28,6,2,2,1
2/17/26 18:59,null,null,51,46,11,2,1,0
2/17/26 18:59,null,null,53,47,10,1,0,0
2/17/26 18:59,null,null,36,30,6,0,0,0
2/17/26 18:59,null,null,27,22,4,0,0,0
2/17/26 18:59,null,null,49,42,2,0,0,0
2/17/26 18:59,null,null,73,61,3,1,0,0
2/17/26 18:59,null,null,54,45,3,0,0,0
2/17/26 18:59,null,null,48,41,5,1,0,0
2/17/26 18:59,null,null,51,44,6,1,0,0
2/17/26 19:00,null,null,46,40,4,1,0,0
2/17/26 19:00,null,null,54,42,5,0,0,0
2/17/26 19:00,null,null,60,45,9,1,1,0
2/17/26 19:00,null,null,53,41,10,1,1,0
2/17/26 19:00,null,null,35,29,10,0,0,0
2/17/26 19:00,null,null,37,33,12,1,0,0
2/17/26 19:00,null,null,68,53,9,1,0,0
2/17/26 19:00,null,null,67,51,4,0,0,0
2/17/26 19:00,null,null,51,44,12,6,0,0
2/17/26 19:00,null,null,64,59,18,9,1,0
2/17/26 19:00,null,null,63,60,16,5,1,0
2/17/26 19:00,null,null,45,40,9,1,0,0
2/17/26 19:01,null,null,37,31,6,0,0,0
2/17/26 19:01,null,null,47,42,12,1,0,0
2/17/26 19:01,null,null,43,38,13,2,1,0
2/17/26 19:01,null,null,57,46,10,2,0,0
2/17/26 19:01,null,null,87,72,8,1,0,0
2/17/26 19:01,null,null,64,55,6,0,0,0
2/17/26 19:01,null,null,33,33,5,0,0,0
2/17/26 19:01,null,null,57,56,12,0,0,0
2/17/26 19:01,null,null,68,64,13,1,1,0
2/17/26 19:01,null,null,47,42,7,0,0,0
2/17/26 19:01,null,null,39,36,9,1,1,0
2/17/26 19:02,null,null,33,30,8,1,1,0
2/17/26 19:02,null,null,32,23,3,1,1,0
2/17/26 19:02,null,null,33,26,1,0,0,0
2/17/26 19:02,null,null,33,29,4,0,0,0
2/17/26 19:02,null,null,33,29,8,0,0,0
2/17/26 19:02,null,null,34,31,9,0,0,0
2/17/26 19:02,null,null,34,30,9,1,1,0
2/17/26 19:02,null,null,32,27,4,1,1,0
2/17/26 19:02,null,null,37,30,2,0,0,0
2/17/26 19:02,null,null,39,33,6,0,0,0
2/17/26 19:02,null,null,35,29,6,1,0,0
2/17/26 19:03,null,null,33,28,5,1,0,0
2/17/26 19:03,null,null,43,39,5,1,0,0
2/17/26 19:03,null,null,41,38,3,2,1,1
2/17/26 19:03,null,null,24,23,3,1,1,0
2/17/26 19:03,null,null,29,24,2,1,0,0
2/17/26 19:03,null,null,45,36,3,0,0,0
2/17/26 19:03,null,null,51,42,8,0,0,0
2/17/26 19:03,null,null,41,34,7,0,0,0
2/17/26 19:03,null,null,31,27,5,1,0,0
2/17/26 19:03,null,null,44,42,8,0,0,0
2/17/26 19:03,null,null,52,45,7,1,0,0
2/17/26 19:03,null,null,44,34,4,0,0,0
2/17/26 19:04,null,null,43,39,7,1,1,1
2/17/26 19:04,null,null,56,51,11,1,1,1
2/17/26 19:04,null,null,45,38,8,0,0,0
2/17/26 19:04,null,null,41,37,5,0,0,0
2/17/26 19:04,null,null,54,45,10,0,0,0
2/17/26 19:04,null,null,62,51,20,1,0,0
2/17/26 19:04,null,null,75,62,19,2,0,0
2/17/26 19:04,null,null,54,43,10,2,1,0
2/17/26 19:04,null,null,28,24,4,0,0,0
2/17/26 19:04,null,null,26,23,4,3,3,0
2/17/26 19:04,null,null,40,33,7,3,3,0
2/17/26 19:05,null,null,48,41,9,1,1,0
2/17/26 19:05,null,null,42,38,10,2,1,0
2/17/26 19:05,null,null,41,37,6,1,0,0
2/17/26 19:05,null,null,40,31,1,0,0,0
2/17/26 19:05,null,null,33,24,3,0,0,0
2/17/26 19:05,null,null,27,24,5,1,1,0
2/17/26 19:05,null,null,25,23,3,0,0,0
2/17/26 19:05,null,null,32,30,3,0,0,0
2/17/26 19:05,null,null,42,40,5,0,0,0
2/17/26 19:05,null,null,47,41,6,0,0,0
2/17/26 19:05,null,null,44,38,6,1,0,0
2/17/26 19:05,null,null,34,29,5,2,1,0
2/17/26 19:06,null,null,41,35,3,2,1,0
2/17/26 19:06,null,null,51,48,6,2,0,0
2/17/26 19:06,null,null,39,37,9,3,0,0
2/17/26 19:06,null,null,30,26,8,2,1,0
2/17/26 19:06,null,null,45,34,7,1,0,0
2/17/26 19:06,null,null,42,33,5,0,0,0
2/17/26 19:06,null,null,27,24,5,0,0,0
2/17/26 19:06,null,null,34,32,9,0,0,0
2/17/26 19:06,null,null,48,44,12,1,0,0
2/17/26 19:06,null,null,41,35,9,2,1,0
2/17/26 19:06,null,null,42,37,11,1,0,0
2/17/26 19:07,null,null,54,49,9,0,0,0
2/17/26 19:07,null,null,50,42,6,0,0,0
2/17/26 19:07,null,null,65,55,4,0,0,0
2/17/26 19:07,null,null,67,60,8,0,0,0
2/17/26 19:07,null,null,43,42,14,1,0,0
2/17/26 19:07,null,null,30,29,11,2,1,0
2/17/26 19:07,null,null,24,21,4,1,0,0
2/17/26 19:07,null,null,36,32,6,0,0,0
2/17/26 19:07,null,null,51,45,6,1,0,0
2/17/26 19:07,null,null,55,47,3,0,0,0
2/17/26 19:07,null,null,44,35,1,0,0,0
2/17/26 19:08,null,null,41,34,3,0,0,0
2/17/26 19:08,null,null,48,39,5,1,0,0
2/17/26 19:08,null,null,46,40,3,2,0,0
2/17/26 19:08,null,null,42,39,4,1,0,0
2/17/26 19:08,null,null,28,25,2,0,0,0
2/17/26 19:08,null,null,30,26,2,1,1,0
2/17/26 19:08,null,null,45,42,4,4,3,0
2/17/26 19:08,null,null,54,48,7,3,1,0
2/17/26 19:08,null,null,48,43,9,0,0,0
2/17/26 19:08,null,null,41,37,9,0,0,0
2/17/26 19:08,null,null,32,28,6,0,0,0
2/17/26 19:08,null,null,36,32,6,1,1,0
2/17/26 19:09,null,null,40,37,7,1,1,0
2/17/26 19:09,null,null,29,26,2,0,0,0
2/17/26 19:09,null,null,32,28,2,0,0,0
2/17/26 19:09,null,null,46,40,5,1,0,0
2/17/26 19:09,null,null,44,37,7,2,0,0
2/17/26 19:09,null,null,30,27,9,2,0,0
2/17/26 19:09,null,null,40,33,9,3,0,0
2/17/26 19:09,null,null,53,41,16,2,1,0
2/17/26 19:09,null,null,47,37,14,0,0,0
2/17/26 19:09,null,null,36,27,6,0,0,0
2/17/26 19:09,null,null,34,27,7,0,0,0
2/17/26 19:10,null,null,34,30,8,1,0,0
2/17/26 19:10,null,null,30,27,7,2,0,0
2/17/26 19:10,null,null,22,19,4,1,1,1
2/17/26 19:10,null,null,29,23,5,1,0,0
2/17/26 19:10,null,null,35,29,4,1,0,0
2/17/26 19:10,null,null,37,34,6,0,0,0
2/17/26 19:10,null,null,51,43,13,1,0,0
2/17/26 19:10,null,null,57,47,10,1,1,0
2/17/26 19:10,null,null,49,42,6,1,1,0
2/17/26 19:10,null,null,38,33,7,0,0,0
2/17/26 19:10,null,null,44,38,8,1,0,0
2/17/26 19:10,null,null,76,63,9,2,0,0
2/17/26 19:11,null,null,66,53,9,0,0,0
2/17/26 19:11,null,null,37,33,8,0,0,0
2/17/26 19:11,null,null,41,37,8,0,0,0
2/17/26 19:11,null,null,43,32,5,0,0,0
2/17/26 19:11,null,null,50,37,4,1,0,0
2/17/26 19:11,null,null,53,40,4,1,0,0
2/17/26 19:11,null,null,46,38,8,2,0,0
2/17/26 19:11,null,null,33,31,10,2,0,0
2/17/26 19:11,null,null,25,23,6,0,0,0
2/17/26 19:11,null,null,41,39,7,0,0,0
2/17/26 19:11,null,null,46,42,7,0,0,0
2/17/26 19:12,null,null,31,26,3,0,0,0
2/17/26 19:12,null,null,38,33,1,0,0,0
2/17/26 19:12,null,null,42,37,3,1,0,0
2/17/26 19:12,null,null,34,30,6,2,1,0
2/17/26 19:12,null,null,37,33,8,2,0,0
2/17/26 19:12,null,null,45,41,11,3,1,0
2/17/26 19:12,null,null,46,43,9,2,1,0
2/17/26 19:12,null,null,47,38,7,0,0,0
2/17/26 19:12,null,null,41,30,7,1,0,0
2/17/26 19:12,null,null,36,32,8,0,0,0
2/17/26 19:12,null,null,37,33,8,1,0,0
2/17/26 19:13,null,null,40,33,7,2,1,0
2/17/26 19:13,null,null,43,33,7,3,0,0
2/17/26 19:13,null,null,35,28,7,2,0,0
2/17/26 19:13,null,null,31,29,6,0,0,0
2/17/26 19:13,null,null,30,28,3,0,0,0
2/17/26 19:13,null,null,33,31,3,0,0,0
2/17/26 19:13,null,null,41,38,6,0,0,0
2/17/26 19:13,null,null,49,41,6,0,0,0
2/17/26 19:13,null,null,41,36,8,0,0,0
2/17/26 19:13,null,null,34,32,12,2,1,0
2/17/26 19:13,null,null,50,46,16,1,0,0
2/17/26 19:13,null,null,61,50,14,0,0,0
2/17/26 19:14,null,null,48,38,10,1,1,0
2/17/26 19:14,null,null,57,50,12,3,2,1
2/17/26 19:14,null,null,71,65,13,4,2,1
2/17/26 19:14,null,null,54,51,11,1,0,0
2/17/26 19:14,null,null,42,39,8,0,0,0
2/17/26 19:14,null,null,39,32,3,1,0,0
2/17/26 19:14,null,null,36,29,1,0,0,0
2/17/26 19:14,null,null,28,24,1,0,0,0
2/17/26 19:14,null,null,24,23,5,0,0,0
2/17/26 19:14,null,null,33,30,7,1,1,0
2/17/26 19:14,null,null,33,26,6,2,0,0
2/17/26 19:15,null,null,46,31,6,1,0,0
2/17/26 19:15,null,null,51,36,6,0,0,0
2/17/26 19:15,null,null,35,29,5,0,0,0
2/17/26 19:15,null,null,33,29,2,0,0,0
2/17/26 19:15,null,null,42,36,0,0,0,0
2/17/26 19:15,null,null,52,44,6,1,0,0
2/17/26 19:15,null,null,57,48,12,2,1,1
2/17/26 19:15,null,null,48,40,11,1,0,0
2/17/26 19:15,null,null,33,29,9,1,0,0
2/17/26 19:15,null,null,30,25,7,0,0,0
2/17/26 19:15,null,null,30,25,3,0,0,0
2/17/26 19:15,null,null,37,34,4,1,0,0
2/17/26 19:16,null,null,46,41,4,1,0,0
2/17/26 19:16,null,null,47,41,5,1,0,0
2/17/26 19:16,null,null,42,34,7,0,0,0
2/17/26 19:16,null,null,45,37,5,0,0,0
2/17/26 19:16,null,null,59,52,6,1,0,0
2/17/26 19:16,null,null,58,53,9,3,0,0
2/17/26 19:16,null,null,46,40,7,2,1,0
2/17/26 19:16,null,null,42,35,6,1,0,0
2/17/26 19:16,null,null,61,50,11,1,0,0
2/17/26 19:16,null,null,78,67,15,1,1,0
2/17/26 19:16,null,null,61,53,11,1,1,0
2/17/26 19:17,null,null,56,49,9,1,1,0
2/17/26 19:17,null,null,57,51,9,1,0,0
2/17/26 19:17,null,null,46,41,9,1,0,0
2/17/26 19:17,null,null,58,49,9,1,1,0
2/17/26 19:17,null,null,56,46,7,1,0,0
2/17/26 19:17,null,null,51,46,6,0,0,0
2/17/26 19:17,null,null,57,52,4,0,0,0
2/17/26 19:17,null,null,56,45,5,0,0,0
2/17/26 19:17,null,null,59,46,7,0,0,0
2/17/26 19:17,null,null,46,39,5,0,0,0
2/17/26 19:17,null,null,44,36,4,0,0,0
2/17/26 19:18,null,null,60,43,8,1,0,0
2/17/26 19:18,null,null,57,44,13,1,0,0
2/17/26 19:18,null,null,56,48,13,2,0,0
2/17/26 19:18,null,null,51,43,5,2,1,0
2/17/26 19:18,null,null,46,40,1,1,0,0
2/17/26 19:18,null,null,58,48,4,1,0,0
2/17/26 19:18,null,null,68,51,8,1,0,0
2/17/26 19:18,null,null,70,52,13,3,0,0
2/17/26 19:18,null,null,65,48,10,1,0,0
2/17/26 19:18,null,null,77,65,10,0,0,0
2/17/26 19:18,null,null,77,69,16,0,0,0
2/17/26 19:18,null,null,60,49,12,2,1,0
2/17/26 19:19,null,null,47,39,9,3,1,0
2/17/26 19:19,null,null,46,40,11,3,1,0
2/17/26 19:19,null,null,57,51,8,1,0,0
2/17/26 19:19,null,null,50,42,6,0,0,0
2/17/26 19:19,null,null,41,33,7,1,0,0
2/17/26 19:19,null,null,53,43,6,1,0,0
2/17/26 19:19,null,null,80,67,11,1,0,0
2/17/26 19:19,null,null,79,70,11,0,0,0
2/17/26 19:19,null,null,63,54,8,0,0,0
2/17/26 19:19,null,null,53,45,9,3,2,1
2/17/26 19:19,null,null,62,52,10,4,2,2
2/17/26 19:20,null,null,65,56,12,3,0,0
2/17/26 19:20,null,null,53,48,16,2,0,0
2/17/26 19:20,null,null,55,48,15,2,1,1
2/17/26 19:20,null,null,50,43,7,1,0,0
2/17/26 19:20,null,null,42,34,7,1,0,0
2/17/26 19:20,null,null,57,48,10,2,1,0
2/17/26 19:20,null,null,80,72,11,1,1,0
2/17/26 19:20,null,null,73,67,10,1,0,0
2/17/26 19:20,null,null,53,45,9,1,0,0
2/17/26 19:20,null,null,58,45,9,1,0,0
2/17/26 19:20,null,null,81,64,8,0,0,0
2/17/26 19:20,null,null,77,63,8,0,0,0
2/17/26 19:21,null,null,47,39,5,0,0,0
2/17/26 19:21,null,null,38,31,5,1,0,0
2/17/26 19:21,null,null,43,36,11,2,0,0
2/17/26 19:21,null,null,47,39,11,2,0,0
2/17/26 19:21,null,null,62,54,8,1,0,0
2/17/26 19:21,null,null,69,63,10,1,0,0
2/17/26 19:21,null,null,63,57,12,2,1,0
2/17/26 19:21,null,null,72,66,17,2,1,0
2/17/26 19:21,null,null,73,64,15,3,1,0
2/17/26 19:21,null,null,67,55,12,2,0,0
2/17/26 19:21,null,null,58,52,13,2,1,1
2/17/26 19:22,null,null,52,44,12,0,0,0
2/17/26 19:22,null,null,53,42,11,0,0,0
2/17/26 19:22,null,null,61,55,11,0,0,0
2/17/26 19:22,null,null,74,70,15,1,1,1
2/17/26 19:22,null,null,61,57,13,0,0,0
2/17/26 19:22,null,null,54,46,7,1,1,0
2/17/26 19:22,null,null,60,52,9,0,0,0
2/17/26 19:22,null,null,65,56,10,1,0,0
2/17/26 19:22,null,null,77,62,14,2,0,0
2/17/26 19:22,null,null,80,66,14,3,1,0
2/17/26 19:22,null,null,60,50,11,3,2,0
2/17/26 19:23,null,null,52,43,9,2,2,0
2/17/26 19:23,null,null,52,44,5,1,0,0
2/17/26 19:23,null,null,42,37,8,1,0,0
2/17/26 19:23,null,null,47,42,9,2,1,1
2/17/26 19:23,null,null,100,84,15,5,0,0
2/17/26 19:23,null,null,96,82,13,3,0,0
2/17/26 19:23,null,null,42,41,7,0,0,0
2/17/26 19:23,null,null,33,33,5,0,0,0
2/17/26 19:23,null,null,40,34,2,0,0,0
2/17/26 19:23,null,null,59,51,5,0,0,0
2/17/26 19:23,null,null,59,54,5,0,0,0
2/17/26 19:23,null,null,50,44,5,1,0,0
2/17/26 19:24,null,null,62,50,7,2,1,0
2/17/26 19:24,null,null,55,44,6,2,1,0
2/17/26 19:24,null,null,45,40,7,1,0,0
2/17/26 19:24,null,null,61,53,9,1,0,0
2/17/26 19:24,null,null,67,59,8,0,0,0
2/17/26 19:24,null,null,54,44,9,0,0,0
2/17/26 19:24,null,null,35,23,8,0,0,0
2/17/26 19:24,null,null,40,26,6,0,0,0
2/17/26 19:24,null,null,49,37,5,0,0,0
2/17/26 19:24,null,null,58,50,6,0,0,0
2/17/26 19:24,null,null,60,54,10,1,0,0
2/17/26 19:25,null,null,63,56,12,1,0,0
2/17/26 19:25,null,null,64,51,8,1,0,0
2/17/26 19:25,null,null,50,38,6,0,0,0
2/17/26 19:25,null,null,53,47,12,1,0,0
2/17/26 19:25,null,null,60,57,14,1,0,0
2/17/26 19:25,null,null,64,58,9,1,0,0
2/17/26 19:25,null,null,53,47,7,1,0,0
2/17/26 19:25,null,null,47,39,7,0,0,0
2/17/26 19:25,null,null,65,56,9,0,0,0
2/17/26 19:25,null,null,71,66,8,0,0,0
2/17/26 19:25,null,null,60,53,3,0,0,0
2/17/26 19:25,null,null,48,44,4,0,0,0
2/17/26 19:26,null,null,39,36,8,0,0,0
2/17/26 19:26,null,null,41,37,10,0,0,0
2/17/26 19:26,null,null,49,44,9,1,1,0
2/17/26 19:26,null,null,66,58,10,0,0,0
2/17/26 19:26,null,null,58,50,7,0,0,0
2/17/26 19:26,null,null,32,27,2,0,0,0
2/17/26 19:26,null,null,44,36,3,0,0,0
2/17/26 19:26,null,null,49,41,4,0,0,0
2/17/26 19:26,null,null,37,33,4,0,0,0
2/17/26 19:26,null,null,49,42,5,0,0,0
2/17/26 19:26,null,null,53,42,6,0,0,0
2/17/26 19:27,null,null,45,38,5,0,0,0
2/17/26 19:27,null,null,44,41,6,0,0,0
2/17/26 19:27,null,null,40,38,9,0,0,0
2/17/26 19:27,null,null,52,48,11,1,0,0
2/17/26 19:27,null,null,72,62,13,2,0,0
2/17/26 19:27,null,null,71,60,12,3,0,0
2/17/26 19:27,null,null,58,52,8,1,0,0
2/17/26 19:27,null,null,51,43,6,0,0,0
2/17/26 19:27,null,null,47,39,4,0,0,0
2/17/26 19:27,null,null,44,37,4,0,0,0
2/17/26 19:27,null,null,54,46,4,0,0,0
2/17/26 19:28,null,null,86,73,10,1,1,0
2/17/26 19:28,null,null,87,78,12,1,0,0
2/17/26 19:28,null,null,60,56,9,1,0,0
2/17/26 19:28,null,null,49,45,7,1,1,1
2/17/26 19:28,null,null,45,41,9,1,0,0
2/17/26 19:28,null,null,41,36,8,2,0,0
2/17/26 19:28,null,null,42,35,5,2,1,0
2/17/26 19:28,null,null,42,37,4,1,1,0
2/17/26 19:28,null,null,48,38,7,1,1,0
2/17/26 19:28,null,null,61,42,10,1,0,0
2/17/26 19:28,null,null,58,44,9,2,0,0
2/17/26 19:28,null,null,56,47,5,1,0,0
2/17/26 19:29,null,null,58,52,4,0,0,0
2/17/26 19:29,null,null,50,47,7,0,0,0
2/17/26 19:29,null,null,43,41,6,1,0,0
2/17/26 19:29,null,null,38,35,3,0,0,0
2/17/26 19:29,null,null,47,38,3,0,0,0
2/17/26 19:29,null,null,83,64,6,1,0,0
2/17/26 19:29,null,null,98,81,10,0,0,0
2/17/26 19:29,null,null,74,60,10,2,1,0
2/17/26 19:29,null,null,59,47,8,2,1,0
2/17/26 19:29,null,null,63,56,8,1,0,0
2/17/26 19:29,null,null,49,43,4,1,0,0
2/17/26 19:30,null,null,48,34,3,1,0,0
2/17/26 19:30,null,null,64,42,6,1,1,0
2/17/26 19:30,null,null,59,48,8,2,0,0
2/17/26 19:30,null,null,50,47,7,2,0,0
2/17/26 19:30,null,null,47,41,5,2,0,0
2/17/26 19:30,null,null,42,36,7,3,1,0
2/17/26 19:30,null,null,41,29,7,2,0,0
2/17/26 19:30,null,null,52,36,9,0,0,0
2/17/26 19:30,null,null,66,51,10,0,0,0
2/17/26 19:30,null,null,68,57,7,1,0,0
2/17/26 19:30,null,null,54,48,5,1,0,0
2/17/26 19:30,null,null,41,36,5,0,0,0
2/17/26 19:31,null,null,64,58,7,0,0,0
2/17/26 19:31,null,null,63,56,6,0,0,0
2/17/26 19:31,null,null,61,50,5,1,0,0
2/17/26 19:31,null,null,63,54,8,2,0,0
2/17/26 19:31,null,null,39,38,9,1,0,0
2/17/26 19:31,null,null,45,43,10,1,0,0
2/17/26 19:31,null,null,52,49,10,1,1,0
2/17/26 19:31,null,null,63,55,12,0,0,0
2/17/26 19:31,null,null,64,55,14,1,0,0
2/17/26 19:31,null,null,53,46,8,0,0,0
2/17/26 19:31,null,null,58,54,9,0,0,0
2/17/26 19:32,null,null,62,58,14,1,1,0
2/17/26 19:32,null,null,55,46,8,0,0,0
2/17/26 19:32,null,null,44,38,5,0,0,0
2/17/26 19:32,null,null,52,47,8,0,0,0
2/17/26 19:32,null,null,88,72,12,0,0,0
2/17/26 19:32,null,null,79,68,11,0,0,0
2/17/26 19:32,null,null,59,52,10,1,0,0
2/17/26 19:32,null,null,56,48,10,0,0,0
2/17/26 19:32,null,null,49,42,8,0,0,0
2/17/26 19:32,null,null,62,52,13,0,0,0
2/17/26 19:32,null,null,64,55,13,0,0,0
2/17/26 19:33,null,null,55,46,10,0,0,0
2/17/26 19:33,null,null,50,40,7,0,0,0
2/17/26 19:33,null,null,54,49,5,0,0,0
2/17/26 19:33,null,null,63,55,7,1,1,0
2/17/26 19:33,null,null,68,58,8,2,0,0
2/17/26 19:33,null,null,71,62,10,3,0,0
2/17/26 19:33,null,null,63,54,9,1,0,0
2/17/26 19:33,null,null,46,40,7,1,0,0
2/17/26 19:33,null,null,53,45,7,1,1,1
2/17/26 19:33,null,null,73,59,8,0,0,0
2/17/26 19:33,null,null,66,52,8,0,0,0
2/17/26 19:33,null,null,51,42,8,1,0,0
2/17/26 19:34,null,null,48,40,9,3,0,0
2/17/26 19:34,null,null,81,64,9,1,0,0
2/17/26 19:34,null,null,95,76,8,1,0,0
2/17/26 19:34,null,null,100,87,14,1,0,0
2/17/26 19:34,null,null,93,80,13,1,1,1
2/17/26 19:34,null,null,56,46,7,1,1,0
2/17/26 19:34,null,null,48,41,5,2,1,0
2/17/26 19:34,null,null,48,42,5,1,0,0
2/17/26 19:34,null,null,51,42,7,1,0,0
2/17/26 19:34,null,null,53,45,6,2,1,0
2/17/26 19:34,null,null,90,75,11,4,0,0
2/17/26 19:35,null,null,101,83,13,4,0,0
2/17/26 19:35,null,null,70,62,8,1,0,0
2/17/26 19:35,null,null,62,55,13,1,1,0
2/17/26 19:35,null,null,56,47,18,0,0,0
2/17/26 19:35,null,null,46,40,15,0,0,0
2/17/26 19:35,null,null,60,46,14,1,0,0
2/17/26 19:35,null,null,70,52,18,4,1,1
2/17/26 19:35,null,null,58,43,16,3,1,0
2/17/26 19:35,null,null,51,41,8,0,0,0
2/17/26 19:35,null,null,48,43,8,1,0,0
2/17/26 19:35,null,null,44,42,8,1,0,0
2/17/26 19:35,null,null,55,50,6,0,0,0
2/17/26 19:36,null,null,60,52,5,0,0,0
2/17/26 19:36,null,null,52,46,7,0,0,0
2/17/26 19:36,null,null,55,50,10,0,0,0
2/17/26 19:36,null,null,54,48,8,0,0,0
2/17/26 19:36,null,null,56,49,7,0,0,0
2/17/26 19:36,null,null,57,49,12,1,0,0
2/17/26 19:36,null,null,56,48,17,0,0,0
2/17/26 19:36,null,null,61,57,15,1,0,0
2/17/26 19:36,null,null,58,53,9,0,0,0
2/17/26 19:36,null,null,50,43,5,0,0,0
2/17/26 19:36,null,null,48,42,6,0,0,0
2/17/26 19:37,null,null,54,48,7,0,0,0
2/17/26 19:37,null,null,58,48,7,0,0,0
2/17/26 19:37,null,null,54,45,8,0,0,0
2/17/26 19:37,null,null,87,77,12,0,0,0
2/17/26 19:37,null,null,86,75,12,1,0,0
2/17/26 19:37,null,null,51,46,9,0,0,0
2/17/26 19:37,null,null,62,51,7,1,1,0
2/17/26 19:37,null,null,61,47,7,1,1,0
2/17/26 19:37,null,null,61,52,15,1,1,1
2/17/26 19:37,null,null,71,59,19,2,0,0
2/17/26 19:37,null,null,62,47,10,2,0,0
2/17/26 19:38,null,null,55,44,8,1,0,0
2/17/26 19:38,null,null,60,54,9,2,0,0
2/17/26 19:38,null,null,67,61,5,2,0,0
2/17/26 19:38,null,null,62,56,5,1,0,0
2/17/26 19:38,null,null,53,47,9,2,1,0
2/17/26 19:38,null,null,41,32,7,0,0,0
2/17/26 19:38,null,null,44,33,7,0,0,0
2/17/26 19:38,null,null,70,51,9,1,0,0
2/17/26 19:38,null,null,67,51,11,2,0,0
2/17/26 19:38,null,null,54,51,7,1,0,0
2/17/26 19:38,null,null,59,52,7,1,0,0
2/17/26 19:38,null,null,65,55,12,1,0,0
2/17/26 19:39,null,null,64,56,13,1,1,0
2/17/26 19:39,null,null,57,52,12,1,0,0
2/17/26 19:39,null,null,73,61,12,1,0,0
2/17/26 19:39,null,null,87,72,15,2,0,0
2/17/26 19:39,null,null,73,68,16,3,1,0
2/17/26 19:39,null,null,65,63,15,2,0,0
2/17/26 19:39,null,null,74,66,13,0,0,0
2/17/26 19:39,null,null,75,66,10,0,0,0
2/17/26 19:39,null,null,59,53,8,1,1,0
2/17/26 19:39,null,null,55,48,6,2,1,0
2/17/26 19:39,null,null,73,67,7,2,1,0
2/17/26 19:40,null,null,70,62,6,0,0,0
2/17/26 19:40,null,null,49,42,5,1,1,0
2/17/26 19:40,null,null,43,35,4,1,0,0
2/17/26 19:40,null,null,44,33,5,1,0,0
2/17/26 19:40,null,null,50,42,6,0,0,0
2/17/26 19:40,null,null,67,60,8,0,0,0
2/17/26 19:40,null,null,78,69,8,0,0,0
2/17/26 19:40,null,null,67,62,10,0,0,0
2/17/26 19:40,null,null,60,54,14,0,0,0
2/17/26 19:40,null,null,61,52,10,1,0,0
2/17/26 19:40,null,null,51,45,8,1,0,0
2/17/26 19:40,null,null,45,40,9,0,0,0
2/17/26 19:41,null,null,57,52,8,1,1,0
2/17/26 19:41,null,null,80,71,10,2,0,0
2/17/26 19:41,null,null,76,68,12,2,0,0
2/17/26 19:41,null,null,58,51,15,2,1,0
2/17/26 19:41,null,null,57,43,14,1,0,0
2/17/26 19:41,null,null,46,33,8,0,0,0
2/17/26 19:41,null,null,46,33,7,0,0,0
2/17/26 19:41,null,null,61,44,8,0,0,0
2/17/26 19:41,null,null,69,57,11,2,1,0
2/17/26 19:41,null,null,66,58,11,2,0,0
2/17/26 19:41,null,null,47,43,4,0,0,0
2/17/26 19:42,null,null,51,47,8,0,0,0
2/17/26 19:42,null,null,63,54,13,1,0,0
2/17/26 19:42,null,null,67,56,11,3,1,0
2/17/26 19:42,null,null,102,85,13,2,1,0
2/17/26 19:42,null,null,120,100,13,1,0,0
2/17/26 19:42,null,null,85,73,12,0,0,0
2/17/26 19:42,null,null,57,51,11,1,0,0
2/17/26 19:42,null,null,45,40,7,0,0,0
2/17/26 19:42,null,null,46,42,5,0,0,0
2/17/26 19:42,null,null,67,63,9,1,0,0
2/17/26 19:42,null,null,70,66,10,2,1,0
2/17/26 19:43,null,null,62,53,10,1,0,0
2/17/26 19:43,null,null,63,53,11,0,0,0
2/17/26 19:43,null,null,70,60,14,2,1,0
2/17/26 19:43,null,null,74,59,15,2,2,1
2/17/26 19:43,null,null,60,48,10,0,0,0
2/17/26 19:43,null,null,54,48,9,0,0,0
2/17/26 19:43,null,null,56,53,6,1,1,0
2/17/26 19:43,null,null,75,67,4,1,1,0
2/17/26 19:43,null,null,72,58,5,0,0,0
2/17/26 19:43,null,null,59,43,9,0,0,0
2/17/26 19:43,null,null,68,51,11,1,1,0
2/17/26 19:43,null,null,52,42,7,1,0,0
2/17/26 19:44,null,null,45,39,5,0,0,0
2/17/26 19:44,null,null,54,48,8,1,1,0
2/17/26 19:44,null,null,55,50,11,2,1,0
2/17/26 19:44,null,null,63,55,11,3,1,0
2/17/26 19:44,null,null,67,58,8,1,0,0
2/17/26 19:44,null,null,63,58,8,0,0,0
2/17/26 19:44,null,null,57,52,7,1,0,0
2/17/26 19:44,null,null,59,51,11,2,0,0
2/17/26 19:44,null,null,62,50,14,2,1,0
2/17/26 19:44,null,null,57,45,11,1,0,0
2/17/26 19:44,null,null,55,47,10,3,1,0
2/17/26 19:45,null,null,61,52,12,5,1,0
2/17/26 19:45,null,null,83,66,15,2,1,1
2/17/26 19:45,null,null,75,58,12,0,0,0
2/17/26 19:45,null,null,59,48,6,0,0,0
2/17/26 19:45,null,null,68,58,4,1,0,0
2/17/26 19:45,null,null,58,51,6,1,0,0
2/17/26 19:45,null,null,51,48,13,2,0,0
2/17/26 19:45,null,null,69,64,15,3,1,0
2/17/26 19:45,null,null,79,71,10,1,0,0
2/17/26 19:45,null,null,70,56,10,0,0,0
2/17/26 19:45,null,null,62,46,11,1,0,0
2/17/26 19:45,null,null,73,57,10,1,0,0
2/17/26 19:46,null,null,78,60,9,1,0,0
2/17/26 19:46,null,null,72,56,8,1,0,0
2/17/26 19:46,null,null,66,59,12,2,0,0
2/17/26 19:46,null,null,65,61,11,1,0,0
2/17/26 19:46,null,null,64,58,8,0,0,0
2/17/26 19:46,null,null,64,57,10,0,0,0
2/17/26 19:46,null,null,62,50,10,0,0,0
2/17/26 19:46,null,null,75,57,11,1,1,0
2/17/26 19:46,null,null,78,64,11,1,0,0
2/17/26 19:46,null,null,56,49,5,0,0,0
2/17/26 19:46,null,null,73,60,7,0,0,0
2/17/26 19:47,null,null,74,60,8,1,1,0
2/17/26 19:47,null,null,54,47,4,1,1,0
2/17/26 19:47,null,null,61,55,4,2,1,0
2/17/26 19:47,null,null,60,52,4,1,0,0
2/17/26 19:47,null,null,50,44,4,1,1,0
2/17/26 19:47,null,null,67,58,10,0,0,0
2/17/26 19:47,null,null,80,70,19,3,1,0
2/17/26 19:47,null,null,80,72,22,5,2,1
2/17/26 19:47,null,null,84,71,18,3,1,0
2/17/26 19:47,null,null,77,57,13,2,0,0
2/17/26 19:47,null,null,69,55,10,2,0,0
2/17/26 19:48,null,null,63,55,11,2,1,0
2/17/26 19:48,null,null,56,48,12,0,0,0
2/17/26 19:48,null,null,54,46,7,0,0,0
2/17/26 19:48,null,null,57,48,7,0,0,0
2/17/26 19:48,null,null,67,59,13,1,0,0
2/17/26 19:48,null,null,70,65,16,0,0,0
2/17/26 19:48,null,null,54,51,15,0,0,0
2/17/26 19:48,null,null,51,48,12,0,0,0
2/17/26 19:48,null,null,57,53,9,2,1,1
2/17/26 19:48,null,null,54,48,7,2,0,0
2/17/26 19:48,null,null,50,42,7,1,0,0
2/17/26 19:48,null,null,50,44,10,0,0,0
2/17/26 19:49,null,null,52,45,10,0,0,0
2/17/26 19:49,null,null,49,42,9,0,0,0
2/17/26 19:49,null,null,44,38,8,1,1,0
2/17/26 19:49,null,null,55,45,14,4,1,0
2/17/26 19:49,null,null,62,50,15,4,0,0
2/17/26 19:49,null,null,57,49,10,2,0,0
2/17/26 19:49,null,null,62,54,10,2,1,0
2/17/26 19:49,null,null,57,50,10,1,0,0
2/17/26 19:49,null,null,43,36,10,1,1,0
2/17/26 19:49,null,null,48,33,11,2,2,1
2/17/26 19:49,null,null,52,37,11,1,1,0
2/17/26 19:50,null,null,67,56,9,1,0,0
2/17/26 19:50,null,null,85,73,12,2,1,1
2/17/26 19:50,null,null,70,57,14,1,1,1
2/17/26 19:50,null,null,50,41,9,0,0,0
2/17/26 19:50,null,null,43,36,6,1,1,0
2/17/26 19:50,null,null,41,36,5,0,0,0
2/17/26 19:50,null,null,47,41,7,0,0,0
2/17/26 19:50,null,null,66,58,12,1,0,0
2/17/26 19:50,null,null,64,60,15,4,1,0
2/17/26 19:50,null,null,51,47,14,5,0,0
2/17/26 19:50,null,null,62,51,16,3,0,0
2/17/26 19:50,null,null,77,65,12,1,0,0
2/17/26 19:51,null,null,81,71,11,1,1,0
2/17/26 19:51,null,null,83,75,18,0,0,0
2/17/26 19:51,null,null,86,78,18,1,0,0
2/17/26 19:51,null,null,91,80,12,2,0,0
2/17/26 19:51,null,null,71,62,10,0,0,0
2/17/26 19:51,null,null,42,37,7,0,0,0
2/17/26 19:51,null,null,49,43,7,2,1,0
2/17/26 19:51,null,null,59,52,9,2,1,0
2/17/26 19:51,null,null,61,52,6,2,0,0
2/17/26 19:51,null,null,75,60,8,4,0,0
2/17/26 19:51,null,null,74,60,9,3,1,0
2/17/26 19:52,null,null,54,42,4,2,1,0
2/17/26 19:52,null,null,66,55,6,0,0,0
2/17/26 19:52,null,null,72,65,11,0,0,0
2/17/26 19:52,null,null,57,52,11,2,0,0
2/17/26 19:52,null,null,93,82,16,3,0,0
2/17/26 19:52,null,null,111,93,15,1,0,0
2/17/26 19:52,null,null,80,67,7,0,0,0
2/17/26 19:52,null,null,69,60,9,0,0,0
2/17/26 19:52,null,null,74,64,13,1,0,0
2/17/26 19:52,null,null,70,63,14,3,0,0
2/17/26 19:52,null,null,60,54,12,2,0,0
2/17/26 19:53,null,null,62,57,11,1,1,0
2/17/26 19:53,null,null,66,60,10,1,1,0
2/17/26 19:53,null,null,71,63,6,0,0,0
2/17/26 19:53,null,null,63,54,6,1,0,0
2/17/26 19:53,null,null,43,32,6,1,1,0
2/17/26 19:53,null,null,36,28,6,0,0,0
2/17/26 19:53,null,null,50,37,9,0,0,0
2/17/26 19:53,null,null,57,45,9,0,0,0
2/17/26 19:53,null,null,66,58,11,3,0,0
2/17/26 19:53,null,null,92,78,13,4,1,1
2/17/26 19:53,null,null,101,81,14,2,1,0
2/17/26 19:53,null,null,95,78,14,2,1,0
2/17/26 19:54,null,null,68,58,10,1,1,0
2/17/26 19:54,null,null,55,44,9,2,0,0
2/17/26 19:54,null,null,59,43,9,2,1,0
2/17/26 19:54,null,null,65,48,7,2,1,0
2/17/26 19:54,null,null,81,64,6,0,0,0
2/17/26 19:54,null,null,84,68,6,0,0,0
2/17/26 19:54,null,null,83,73,8,1,0,0
2/17/26 19:54,null,null,75,70,8,2,0,0
2/17/26 19:54,null,null,92,73,9,1,0,0
2/17/26 19:54,null,null,90,71,8,1,0,0
2/17/26 19:54,null,null,52,46,6,2,0,0
2/17/26 19:55,null,null,36,31,6,2,0,0
2/17/26 19:55,null,null,44,40,6,1,0,0
2/17/26 19:55,null,null,56,52,8,1,1,1
2/17/26 19:55,null,null,55,44,5,0,0,0
2/17/26 19:55,null,null,50,38,7,0,0,0
2/17/26 19:55,null,null,49,40,12,1,0,0
2/17/26 19:55,null,null,55,41,10,1,0,0
2/17/26 19:55,null,null,72,58,5,0,0,0
2/17/26 19:55,null,null,73,63,6,0,0,0
2/17/26 19:55,null,null,59,52,7,0,0,0
2/17/26 19:55,null,null,62,53,9,1,0,0
2/17/26 19:55,null,null,66,52,15,1,0,0
2/17/26 19:56,null,null,77,59,13,0,0,0
2/17/26 19:56,null,null,73,59,10,1,1,0
2/17/26 19:56,null,null,70,60,12,1,0,0
2/17/26 19:56,null,null,64,58,10,1,0,0
2/17/26 19:56,null,null,55,52,5,1,0,0
2/17/26 19:56,null,null,64,59,8,0,0,0
2/17/26 19:56,null,null,70,63,10,0,0,0
2/17/26 19:56,null,null,78,73,12,2,0,0
2/17/26 19:56,null,null,67,63,14,1,0,0
2/17/26 19:56,null,null,76,65,9,1,0,0
2/17/26 19:56,null,null,82,71,7,0,0,0
2/17/26 19:57,null,null,58,53,8,0,0,0
2/17/26 19:57,null,null,64,49,4,0,0,0
2/17/26 19:57,null,null,73,57,6,0,0,0
2/17/26 19:57,null,null,86,68,10,0,0,0
2/17/26 19:57,null,null,86,63,12,0,0,0
2/17/26 19:57,null,null,73,60,14,1,0,0
2/17/26 19:57,null,null,76,66,12,1,0,0
2/17/26 19:57,null,null,70,63,10,1,1,0
2/17/26 19:57,null,null,65,61,13,0,0,0
2/17/26 19:57,null,null,78,68,15,1,0,0
2/17/26 19:57,null,null,87,74,15,2,0,0
2/17/26 19:58,null,null,88,76,15,2,0,0
2/17/26 19:58,null,null,75,61,14,0,0,0
2/17/26 19:58,null,null,54,44,13,1,0,0
2/17/26 19:58,null,null,50,42,10,2,1,0
2/17/26 19:58,null,null,61,45,8,1,0,0
2/17/26 19:58,null,null,87,66,12,1,0,0
2/17/26 19:58,null,null,98,82,14,0,0,0
2/17/26 19:58,null,null,87,76,11,0,0,0
2/17/26 19:58,null,null,80,70,12,1,0,0
2/17/26 19:58,null,null,79,66,16,1,0,0
2/17/26 19:58,null,null,78,64,14,1,0,0
2/17/26 19:58,null,null,77,68,16,5,0,0
2/17/26 19:59,null,null,67,61,15,4,0,0
2/17/26 19:59,null,null,53,50,9,0,0,0
2/17/26 19:59,null,null,62,58,8,1,0,0
2/17/26 19:59,null,null,48,45,7,1,0,0
2/18/26 17:16,null,null,30,29,8,3,1,0
2/18/26 17:16,null,null,25,25,6,1,0,0
2/18/26 17:16,null,null,32,30,6,1,1,0
2/18/26 17:16,null,null,35,32,6,1,1,0
2/18/26 17:16,null,null,23,20,5,1,0,0
2/18/26 17:16,null,null,15,11,4,2,1,0
2/18/26 17:16,null,null,24,18,4,3,2,0
2/18/26 17:16,null,null,33,30,3,2,1,1
2/18/26 17:17,null,null,27,23,2,0,0,0
2/18/26 17:17,null,null,20,16,1,0,0,0
2/18/26 17:17,null,null,22,21,0,0,0,0
2/18/26 17:17,null,null,32,29,4,0,0,0
2/18/26 17:17,null,null,34,31,8,1,0,0
2/18/26 17:17,null,null,25,23,7,0,0,0
2/18/26 17:17,null,null,25,22,6,0,0,0
2/18/26 17:17,null,null,31,28,3,0,0,0
2/18/26 17:17,null,null,34,28,1,0,0,0
2/18/26 17:17,null,null,35,31,4,0,0,0
2/18/26 17:17,null,null,45,38,5,1,1,0
2/18/26 17:18,null,null,40,33,2,0,0,0
2/18/26 17:18,null,null,26,22,1,0,0,0
2/18/26 17:18,null,null,25,20,4,1,0,0
2/18/26 17:18,null,null,20,16,4,1,0,0
2/18/26 17:18,null,null,29,23,1,0,0,0
2/18/26 17:18,null,null,43,34,1,0,0,0
2/18/26 17:18,null,null,37,32,4,0,0,0
2/18/26 17:18,null,null,48,41,6,1,1,0
2/18/26 17:18,null,null,45,37,6,0,0,0
2/18/26 17:18,null,null,18,16,3,0,0,0
2/18/26 17:18,null,null,16,13,2,0,0,0
2/18/26 17:18,null,null,25,17,3,1,1,0
2/18/26 17:19,null,null,45,33,6,2,0,0
2/18/26 17:19,null,null,52,46,11,4,0,0
2/18/26 17:19,null,null,38,36,12,2,0,0
2/18/26 17:19,null,null,23,21,7,0,0,0
2/18/26 17:19,null,null,20,16,4,0,0,0
2/18/26 17:19,null,null,19,15,3,0,0,0
2/18/26 17:19,null,null,19,18,6,0,0,0
2/18/26 17:19,null,null,36,30,6,1,0,0
2/18/26 17:19,null,null,30,24,4,0,0,0
2/18/26 17:19,null,null,17,12,5,0,0,0
2/18/26 17:19,null,null,24,18,8,1,0,0
2/18/26 17:20,null,null,25,21,8,0,0,0
2/18/26 17:20,null,null,27,24,7,0,0,0
2/18/26 17:20,null,null,31,28,9,0,0,0
2/18/26 17:20,null,null,36,28,7,0,0,0
2/18/26 17:20,null,null,31,21,3,1,0,0
2/18/26 17:20,null,null,19,14,3,0,0,0
2/18/26 17:20,null,null,22,18,4,1,0,0
2/18/26 17:20,null,null,29,25,3,1,0,0
2/18/26 17:20,null,null,30,26,2,1,1,0
2/18/26 17:20,null,null,25,22,3,0,0,0
2/18/26 17:20,null,null,20,19,4,0,0,0
2/18/26 17:21,null,null,19,17,5,0,0,0
2/18/26 17:21,null,null,24,20,2,0,0,0
2/18/26 17:21,null,null,51,37,4,1,1,0
2/18/26 17:21,null,null,56,41,7,1,1,0
2/18/26 17:21,null,null,28,22,5,0,0,0
2/18/26 17:21,null,null,26,22,5,0,0,0
2/18/26 17:21,null,null,30,27,6,0,0,0
2/18/26 17:21,null,null,28,26,4,0,0,0
2/18/26 17:21,null,null,30,26,3,0,0,0
2/18/26 17:21,null,null,23,20,4,3,1,1
2/18/26 17:21,null,null,22,21,9,3,2,1
2/18/26 17:21,null,null,18,16,7,0,0,0
2/18/26 17:22,null,null,14,11,1,0,0,0
2/18/26 17:22,null,null,24,21,2,0,0,0
2/18/26 17:22,null,null,35,34,5,0,0,0
2/18/26 17:22,null,null,40,36,7,1,1,0
2/18/26 17:22,null,null,34,25,6,0,0,0
2/18/26 17:22,null,null,33,26,8,0,0,0
2/18/26 17:22,null,null,29,26,7,2,1,0
2/18/26 17:22,null,null,20,18,3,1,1,0
2/18/26 17:22,null,null,21,19,2,1,1,0
2/18/26 17:22,null,null,34,26,4,1,1,0
2/18/26 17:22,null,null,32,23,4,0,0,0
2/18/26 17:23,null,null,31,28,7,2,0,0
2/18/26 17:23,null,null,36,34,9,1,0,0
2/18/26 17:23,null,null,34,30,8,0,0,0
2/18/26 17:23,null,null,45,37,5,0,0,0
2/18/26 17:23,null,null,61,47,3,0,0,0
2/18/26 17:23,null,null,49,40,4,0,0,0
2/18/26 17:23,null,null,31,26,5,1,1,0
2/18/26 17:23,null,null,30,25,5,1,1,0
2/18/26 17:23,null,null,25,23,3,0,0,0
2/18/26 17:23,null,null,28,26,3,1,0,0
2/18/26 17:23,null,null,33,29,2,0,0,0
2/18/26 17:23,null,null,33,28,2,0,0,0
2/18/26 17:24,null,null,30,28,4,0,0,0
2/18/26 17:24,null,null,27,27,8,1,0,0
2/18/26 17:24,null,null,36,35,6,1,1,0
2/18/26 17:24,null,null,45,43,2,0,0,0
2/18/26 17:24,null,null,40,36,2,0,0,0
2/18/26 17:24,null,null,52,41,2,0,0,0
2/18/26 17:24,null,null,56,44,4,1,1,0
2/18/26 17:24,null,null,36,30,7,2,1,0
2/18/26 17:24,null,null,30,25,6,1,0,0
2/18/26 17:24,null,null,32,27,4,1,0,0
2/18/26 17:24,null,null,33,28,5,0,0,0
2/18/26 17:25,null,null,30,26,4,0,0,0
2/18/26 17:25,null,null,26,21,2,0,0,0
2/18/26 17:25,null,null,24,18,2,0,0,0
2/18/26 17:25,null,null,31,23,4,0,0,0
2/18/26 17:25,null,null,30,21,4,0,0,0
2/18/26 17:25,null,null,23,19,3,1,0,0
2/18/26 17:25,null,null,33,28,9,1,0,0
2/18/26 17:25,null,null,39,36,9,3,0,0
2/18/26 17:25,null,null,29,26,9,3,0,0
2/18/26 17:25,null,null,21,17,7,1,0,0
2/18/26 17:25,null,null,23,20,5,0,0,0
2/18/26 17:26,null,null,28,21,5,1,0,0
2/18/26 17:26,null,null,26,19,4,0,0,0
2/18/26 17:26,null,null,24,20,4,1,1,0
2/18/26 17:26,null,null,31,27,5,1,0,0
2/18/26 17:26,null,null,31,25,7,1,1,0
2/18/26 17:26,null,null,26,22,6,1,1,0
2/18/26 17:26,null,null,33,30,7,1,0,0
2/18/26 17:26,null,null,31,26,8,1,0,0
2/18/26 17:26,null,null,26,22,7,2,0,0
2/18/26 17:26,null,null,25,23,6,2,1,0
2/18/26 17:26,null,null,18,17,3,1,0,0
2/18/26 17:26,null,null,20,18,4,0,0,0
2/18/26 17:27,null,null,31,26,6,0,0,0
2/18/26 17:27,null,null,46,38,4,0,0,0
2/18/26 17:27,null,null,32,28,1,0,0,0
2/18/26 17:27,null,null,27,22,2,1,0,0
2/18/26 17:27,null,null,53,42,3,0,0,0
2/18/26 17:27,null,null,44,36,3,0,0,0
2/18/26 17:27,null,null,23,21,4,2,0,0
2/18/26 17:27,null,null,21,17,5,2,1,0
2/18/26 17:27,null,null,22,18,4,1,0,0
2/18/26 17:27,null,null,24,21,7,2,0,0
2/18/26 17:27,null,null,26,23,9,1,0,0
2/18/26 17:28,null,null,25,22,7,1,0,0
2/18/26 17:28,null,null,19,16,4,1,0,0
2/18/26 17:28,null,null,16,13,2,0,0,0
2/18/26 17:28,null,null,13,11,2,0,0,0
2/18/26 17:28,null,null,18,15,3,0,0,0
2/18/26 17:28,null,null,24,20,2,0,0,0
2/18/26 17:28,null,null,22,19,1,0,0,0
2/18/26 17:28,null,null,22,20,3,0,0,0
2/18/26 17:28,null,null,22,21,6,1,0,0
2/18/26 17:28,null,null,30,29,11,1,1,0
2/18/26 17:28,null,null,42,39,11,1,0,0
2/18/26 17:28,null,null,42,37,4,1,0,0
2/18/26 17:29,null,null,29,25,1,0,0,0
2/18/26 17:29,null,null,25,20,2,1,1,0
2/18/26 17:29,null,null,30,22,4,1,1,0
2/18/26 17:29,null,null,44,26,5,0,0,0
2/18/26 17:29,null,null,50,33,5,2,0,0
2/18/26 17:29,null,null,29,25,3,2,0,0
2/18/26 17:29,null,null,20,17,5,1,0,0
2/18/26 17:29,null,null,24,19,5,1,0,0
2/18/26 17:29,null,null,27,22,4,1,0,0
2/18/26 17:29,null,null,25,21,4,1,0,0
2/18/26 17:29,null,null,30,26,7,0,0,0
2/18/26 17:30,null,null,28,24,6,1,0,0
2/18/26 17:30,null,null,18,16,2,2,0,0
2/18/26 17:30,null,null,20,19,3,2,0,0
2/18/26 17:30,null,null,17,14,3,1,0,0
2/18/26 17:30,null,null,16,11,2,0,0,0
2/18/26 17:30,null,null,21,16,3,0,0,0
2/18/26 17:30,null,null,20,17,4,0,0,0
2/18/26 17:30,null,null,21,18,5,1,0,0
2/18/26 17:30,null,null,25,23,5,1,0,0
2/18/26 17:30,null,null,30,27,4,1,0,0
2/18/26 17:30,null,null,29,24,2,0,0,0
2/18/26 17:30,null,null,25,20,4,0,0,0
2/18/26 17:31,null,null,27,25,11,1,1,0
2/18/26 17:31,null,null,25,25,9,0,0,0
2/18/26 17:31,null,null,26,23,4,0,0,0
2/18/26 17:31,null,null,32,27,5,0,0,0
2/18/26 17:31,null,null,29,26,3,0,0,0
2/18/26 17:31,null,null,26,23,1,0,0,0
2/18/26 17:31,null,null,40,33,4,1,0,0
2/18/26 17:31,null,null,42,34,6,2,0,0
2/18/26 17:31,null,null,30,23,4,1,0,0
2/18/26 17:31,null,null,25,19,3,0,0,0
2/18/26 17:31,null,null,24,21,6,0,0,0
2/18/26 17:32,null,null,26,24,7,1,0,0
2/18/26 17:32,null,null,26,25,7,2,0,0
2/18/26 17:32,null,null,24,23,7,1,0,0
2/18/26 17:32,null,null,22,20,3,0,0,0
2/18/26 17:32,null,null,24,21,2,0,0,0
2/18/26 17:32,null,null,25,23,3,0,0,0
2/18/26 17:32,null,null,25,24,5,1,0,0
2/18/26 17:32,null,null,24,23,6,1,0,0
2/18/26 17:32,null,null,27,25,7,3,1,1
2/18/26 17:32,null,null,30,26,4,2,0,0
2/18/26 17:32,null,null,32,26,3,0,0,0
2/18/26 17:33,null,null,31,27,3,0,0,0
2/18/26 17:33,null,null,34,26,4,0,0,0
2/18/26 17:33,null,null,42,28,9,0,0,0
2/18/26 17:33,null,null,34,26,9,1,0,0
2/18/26 17:33,null,null,22,20,4,0,0,0
2/18/26 17:33,null,null,20,19,3,0,0,0
2/18/26 17:33,null,null,23,22,5,0,0,0
2/18/26 17:33,null,null,29,26,6,1,1,0
2/18/26 17:33,null,null,26,21,5,1,0,0
2/18/26 17:33,null,null,24,15,4,0,0,0
2/18/26 17:33,null,null,27,18,4,0,0,0
2/18/26 17:33,null,null,28,23,6,0,0,0
2/18/26 17:34,null,null,36,32,8,0,0,0
2/18/26 17:34,null,null,36,31,5,0,0,0
2/18/26 17:34,null,null,37,31,6,0,0,0
2/18/26 17:34,null,null,56,48,10,2,1,0
2/18/26 17:34,null,null,56,45,10,2,0,0
2/18/26 17:34,null,null,39,32,7,1,0,0
2/18/26 17:34,null,null,31,25,5,1,0,0
2/18/26 17:34,null,null,32,26,5,1,1,0
2/18/26 17:34,null,null,30,24,3,0,0,0
2/18/26 17:34,null,null,38,26,4,0,0,0
2/18/26 17:34,null,null,60,46,4,1,1,0
2/18/26 17:35,null,null,46,38,3,0,0,0
2/18/26 17:35,null,null,23,19,5,0,0,0
2/18/26 17:35,null,null,21,20,4,0,0,0
2/18/26 17:35,null,null,23,22,2,0,0,0
2/18/26 17:35,null,null,25,23,3,0,0,0
2/18/26 17:35,null,null,35,32,3,0,0,0
2/18/26 17:35,null,null,37,34,3,0,0,0
2/18/26 17:35,null,null,22,20,2,0,0,0
2/18/26 17:35,null,null,21,20,1,0,0,0
2/18/26 17:35,null,null,25,22,3,2,1,0
2/18/26 17:35,null,null,21,16,4,2,1,0
2/18/26 17:35,null,null,19,15,3,0,0,0
2/18/26 17:36,null,null,17,13,4,0,0,0
2/18/26 17:36,null,null,24,18,6,1,0,0
2/18/26 17:36,null,null,34,25,5,0,0,0
2/18/26 17:36,null,null,28,15,2,0,0,0
2/18/26 17:36,null,null,22,11,3,0,0,0
2/18/26 17:36,null,null,25,16,3,0,0,0
2/18/26 17:36,null,null,36,26,5,2,1,0
2/18/26 17:36,null,null,31,23,4,1,0,0
2/18/26 17:36,null,null,27,18,3,1,0,0
2/18/26 17:36,null,null,36,26,2,0,0,0
2/18/26 17:36,null,null,29,22,5,3,0,0
2/18/26 17:37,null,null,22,16,5,4,0,0
2/18/26 17:37,null,null,16,10,0,0,0,0
2/18/26 17:37,null,null,18,15,3,0,0,0
2/18/26 17:37,null,null,30,28,5,0,0,0
2/18/26 17:37,null,null,37,31,6,1,1,0
2/18/26 17:37,null,null,29,22,5,1,1,0
2/18/26 17:37,null,null,33,27,6,0,0,0
2/18/26 17:37,null,null,37,31,6,0,0,0
2/18/26 17:37,null,null,24,20,3,0,0,0
2/18/26 17:37,null,null,24,19,5,0,0,0
2/18/26 17:37,null,null,28,23,5,0,0,0
2/18/26 17:38,null,null,30,27,6,1,1,0
2/18/26 17:38,null,null,32,29,7,1,0,0
2/18/26 17:38,null,null,32,30,6,0,0,0
2/18/26 17:38,null,null,35,33,11,1,0,0
2/18/26 17:38,null,null,39,33,16,2,0,0
2/18/26 17:38,null,null,35,29,15,2,0,0
2/18/26 17:38,null,null,46,42,13,1,0,0
2/18/26 17:38,null,null,47,43,12,2,0,0
2/18/26 17:38,null,null,26,21,5,1,1,0
2/18/26 17:38,null,null,31,23,3,1,1,0
2/18/26 17:38,null,null,44,34,5,1,0,0
2/18/26 17:38,null,null,37,31,7,1,0,0
2/18/26 17:39,null,null,23,21,6,0,0,0
2/18/26 17:39,null,null,22,18,4,0,0,0
2/18/26 17:39,null,null,32,23,3,0,0,0
2/18/26 17:39,null,null,40,32,6,1,0,0
2/18/26 17:39,null,null,33,30,7,1,0,0
2/18/26 17:39,null,null,26,25,5,0,0,0
2/18/26 17:39,null,null,33,31,8,0,0,0
2/18/26 17:39,null,null,45,39,9,0,0,0
2/18/26 17:39,null,null,52,41,9,1,1,1
2/18/26 17:39,null,null,43,33,9,1,0,0
2/18/26 17:39,null,null,36,30,7,0,0,0
2/18/26 17:40,null,null,37,34,9,0,0,0
2/18/26 17:40,null,null,40,38,10,1,1,0
2/18/26 17:40,null,null,48,42,11,2,0,0
2/18/26 17:40,null,null,89,75,11,1,0,0
2/18/26 17:40,null,null,71,61,6,1,0,0
2/18/26 17:40,null,null,23,18,2,1,1,0
2/18/26 17:40,null,null,33,25,4,2,1,0
2/18/26 17:40,null,null,35,28,6,1,1,0
2/18/26 17:40,null,null,21,18,5,0,0,0
2/18/26 17:40,null,null,17,14,3,1,0,0
2/18/26 17:40,null,null,23,18,3,1,0,0
2/18/26 17:40,null,null,26,22,3,0,0,0
2/18/26 17:41,null,null,29,26,9,1,1,0
2/18/26 17:41,null,null,27,25,9,1,1,0
2/18/26 17:41,null,null,27,23,6,2,1,0
2/18/26 17:41,null,null,40,31,13,3,1,1
2/18/26 17:41,null,null,37,30,13,1,0,0
2/18/26 17:41,null,null,24,23,10,1,1,1
2/18/26 17:41,null,null,24,18,7,1,1,1
2/18/26 17:41,null,null,30,22,3,1,0,0
2/18/26 17:41,null,null,41,36,7,1,0,0
2/18/26 17:41,null,null,48,44,12,2,0,0
2/18/26 17:41,null,null,39,35,11,3,0,0
2/18/26 17:42,null,null,36,32,9,3,1,0
2/18/26 17:42,null,null,39,33,7,1,1,0
2/18/26 17:42,null,null,33,28,4,1,0,0
2/18/26 17:42,null,null,27,23,3,0,0,0
2/18/26 17:42,null,null,21,16,5,0,0,0
2/18/26 17:42,null,null,22,16,6,0,0,0
2/18/26 17:42,null,null,30,24,6,1,0,0
2/18/26 17:42,null,null,37,34,5,1,0,0
2/18/26 17:42,null,null,34,32,6,1,0,0
2/18/26 17:42,null,null,38,33,13,1,0,0
2/18/26 17:42,null,null,39,33,13,2,1,0
2/18/26 17:42,null,null,32,29,6,3,0,0
2/18/26 17:43,null,null,33,29,4,2,0,0
2/18/26 17:43,null,null,30,21,3,1,0,0
2/18/26 17:43,null,null,31,17,2,0,0,0
2/18/26 17:43,null,null,30,20,4,1,0,0
2/18/26 17:43,null,null,25,23,8,2,1,0
2/18/26 17:43,null,null,43,41,13,4,3,2
2/18/26 17:43,null,null,52,42,11,3,1,1
2/18/26 17:43,null,null,37,27,4,3,0,0
2/18/26 17:43,null,null,37,32,2,1,0,0
2/18/26 17:43,null,null,39,35,4,1,0,0
2/18/26 17:43,null,null,45,36,11,0,0,0
2/18/26 17:44,null,null,48,42,12,0,0,0
2/18/26 17:44,null,null,33,31,7,0,0,0
2/18/26 17:44,null,null,26,21,6,0,0,0
2/18/26 17:44,null,null,29,22,6,1,1,0
2/18/26 17:44,null,null,26,22,5,1,0,0
2/18/26 17:44,null,null,25,22,4,1,0,0
2/18/26 17:44,null,null,29,25,5,0,0,0
2/18/26 17:44,null,null,33,24,6,1,1,0
2/18/26 17:44,null,null,32,25,7,0,0,0
2/18/26 17:44,null,null,41,35,9,0,0,0
2/18/26 17:44,null,null,40,32,9,1,0,0
2/18/26 17:45,null,null,31,28,8,2,0,0
2/18/26 17:45,null,null,33,28,9,2,0,0
2/18/26 17:45,null,null,33,27,10,3,1,0
2/18/26 17:45,null,null,29,24,6,1,0,0
2/18/26 17:45,null,null,31,26,6,0,0,0
2/18/26 17:45,null,null,35,31,6,0,0,0
2/18/26 17:45,null,null,31,29,4,1,0,0
2/18/26 17:45,null,null,45,37,7,2,0,0
2/18/26 17:45,null,null,58,43,10,2,0,0
2/18/26 17:45,null,null,46,36,10,2,1,0
2/18/26 17:45,null,null,29,25,9,2,1,0
2/18/26 17:45,null,null,24,20,10,1,0,0
2/18/26 17:46,null,null,24,21,8,0,0,0
2/18/26 17:46,null,null,30,24,8,0,0,0
2/18/26 17:46,null,null,39,33,7,1,0,0
2/18/26 17:46,null,null,37,31,4,0,0,0
2/18/26 17:46,null,null,27,21,6,0,0,0
2/18/26 17:46,null,null,19,16,6,1,1,0
2/18/26 17:46,null,null,17,14,6,1,1,0
2/18/26 17:46,null,null,26,23,6,1,1,0
2/18/26 17:46,null,null,35,27,5,0,0,0
2/18/26 17:46,null,null,39,29,8,2,1,0
2/18/26 17:46,null,null,47,38,14,6,1,0
2/18/26 17:47,null,null,55,46,12,4,0,0
2/18/26 17:47,null,null,50,44,7,0,0,0
2/18/26 17:47,null,null,39,35,8,0,0,0
2/18/26 17:47,null,null,38,32,8,0,0,0
2/18/26 17:47,null,null,39,33,6,1,1,0
2/18/26 17:47,null,null,37,32,4,1,0,0
2/18/26 17:47,null,null,32,26,5,2,0,0
2/18/26 17:47,null,null,29,25,6,1,0,0
2/18/26 17:47,null,null,29,25,6,1,1,0
2/18/26 17:47,null,null,28,23,4,0,0,0
2/18/26 17:47,null,null,30,25,3,0,0,0
2/18/26 17:47,null,null,30,28,6,3,0,0
2/18/26 17:48,null,null,34,31,12,5,1,0
2/18/26 17:48,null,null,50,46,13,4,2,1
2/18/26 17:48,null,null,49,46,8,2,0,0
2/18/26 17:48,null,null,27,25,4,0,0,0
2/18/26 17:48,null,null,23,17,4,0,0,0
2/18/26 17:48,null,null,32,24,7,1,0,0
2/18/26 17:48,null,null,47,39,12,2,0,0
2/18/26 17:48,null,null,61,50,16,2,0,0
2/18/26 17:48,null,null,66,52,14,3,0,0
2/18/26 17:48,null,null,47,34,8,1,0,0
2/18/26 17:48,null,null,35,26,12,0,0,0
2/18/26 17:49,null,null,35,30,12,0,0,0
2/18/26 17:49,null,null,37,34,6,0,0,0
2/18/26 17:49,null,null,47,44,7,2,0,0
2/18/26 17:49,null,null,45,41,7,4,1,0
2/18/26 17:49,null,null,38,33,4,1,0,0
2/18/26 17:49,null,null,40,37,6,0,0,0
2/18/26 17:49,null,null,38,37,8,1,0,0
2/18/26 17:49,null,null,36,34,6,1,0,0
2/18/26 17:49,null,null,34,32,5,0,0,0
2/18/26 17:49,null,null,25,24,7,1,0,0
2/18/26 17:49,null,null,25,24,10,2,1,0
2/18/26 17:50,null,null,36,30,8,1,0,0
2/18/26 17:50,null,null,37,30,7,2,1,0
2/18/26 17:50,null,null,32,27,7,4,1,0
2/18/26 17:50,null,null,35,30,13,4,2,0
2/18/26 17:50,null,null,35,29,15,2,1,0
2/18/26 17:50,null,null,35,27,6,0,0,0
2/18/26 17:50,null,null,40,32,7,0,0,0
2/18/26 17:50,null,null,45,35,10,0,0,0
2/18/26 17:50,null,null,44,35,7,0,0,0
2/18/26 17:50,null,null,31,26,6,0,0,0
2/18/26 17:50,null,null,43,34,10,1,0,0
2/18/26 17:50,null,null,43,36,8,2,0,0
2/18/26 17:51,null,null,33,28,4,1,0,0
2/18/26 17:51,null,null,40,33,4,0,0,0
2/18/26 17:51,null,null,32,26,3,0,0,0
2/18/26 17:51,null,null,28,23,6,0,0,0
2/18/26 17:51,null,null,40,34,7,1,0,0
2/18/26 17:51,null,null,36,33,6,2,0,0
2/18/26 17:51,null,null,26,21,7,0,0,0
2/18/26 17:51,null,null,23,17,7,0,0,0
2/18/26 17:51,null,null,29,24,11,1,0,0
2/18/26 17:51,null,null,45,35,16,4,0,0
2/18/26 17:51,null,null,36,28,9,3,0,0
2/18/26 17:52,null,null,27,25,6,3,1,0
2/18/26 17:52,null,null,44,42,10,3,1,0
2/18/26 17:52,null,null,62,58,9,1,1,0
2/18/26 17:52,null,null,54,49,6,1,1,1
2/18/26 17:52,null,null,43,40,7,0,0,0
2/18/26 17:52,null,null,42,39,6,1,0,0
2/18/26 17:52,null,null,31,29,7,3,1,0
2/18/26 17:52,null,null,37,36,9,3,0,0
2/18/26 17:52,null,null,43,40,7,3,0,0
2/18/26 17:52,null,null,40,35,7,1,0,0
2/18/26 17:52,null,null,50,45,9,1,0,0
2/18/26 17:52,null,null,58,55,8,1,0,0
2/18/26 17:53,null,null,43,37,7,2,0,0
2/18/26 17:53,null,null,37,26,9,1,0,0
2/18/26 17:53,null,null,45,35,9,0,0,0
2/18/26 17:53,null,null,44,39,11,0,0,0
2/18/26 17:53,null,null,48,44,10,0,0,0
2/18/26 17:53,null,null,42,39,4,1,1,0
2/18/26 17:53,null,null,37,35,5,0,0,0
2/18/26 17:53,null,null,43,41,6,0,0,0
2/18/26 17:53,null,null,37,34,6,0,0,0
2/18/26 17:53,null,null,37,29,10,0,0,0
2/18/26 17:53,null,null,52,40,11,1,0,0
2/18/26 17:54,null,null,44,38,10,0,0,0
2/18/26 17:54,null,null,29,27,5,0,0,0
2/18/26 17:54,null,null,35,33,4,1,0,0
2/18/26 17:54,null,null,33,30,5,2,1,0
2/18/26 17:54,null,null,31,28,5,1,0,0
2/18/26 17:54,null,null,47,45,10,2,0,0
2/18/26 17:54,null,null,44,41,9,2,0,0
2/18/26 17:54,null,null,66,59,5,1,0,0
2/18/26 17:54,null,null,97,91,17,1,0,0
2/18/26 17:54,null,null,73,70,20,2,0,0
2/18/26 17:54,null,null,52,44,7,1,0,0
2/18/26 17:55,null,null,51,38,4,1,0,0
2/18/26 17:55,null,null,46,34,6,1,1,0
2/18/26 17:55,null,null,39,32,9,1,1,0
2/18/26 17:55,null,null,42,34,10,0,0,0
2/18/26 17:55,null,null,36,28,9,1,0,0
2/18/26 17:55,null,null,29,24,8,1,0,0
2/18/26 17:55,null,null,37,30,6,1,1,1
2/18/26 17:55,null,null,39,35,5,1,0,0
2/18/26 17:55,null,null,36,34,8,1,0,0
2/18/26 17:55,null,null,36,33,14,1,0,0
2/18/26 17:55,null,null,42,37,13,4,0,0
2/18/26 17:55,null,null,48,39,9,4,1,0
2/18/26 17:56,null,null,42,35,9,3,0,0
2/18/26 17:56,null,null,38,34,13,5,1,1
2/18/26 17:56,null,null,34,30,10,4,0,0
2/18/26 17:56,null,null,36,32,8,2,0,0
2/18/26 17:56,null,null,40,36,10,2,0,0
2/18/26 17:56,null,null,37,33,9,1,0,0
2/18/26 17:56,null,null,34,29,8,1,0,0
2/18/26 17:56,null,null,39,34,8,1,0,0
2/18/26 17:56,null,null,48,41,10,3,2,0
2/18/26 17:56,null,null,44,37,8,2,1,0
2/18/26 17:56,null,null,39,33,4,0,0,0
2/18/26 17:57,null,null,36,31,4,0,0,0
2/18/26 17:57,null,null,34,28,4,0,0,0
2/18/26 17:57,null,null,35,31,7,1,0,0
2/18/26 17:57,null,null,27,25,8,1,0,0
2/18/26 17:57,null,null,16,14,6,3,2,0
2/18/26 17:57,null,null,51,42,8,3,2,0
2/18/26 17:57,null,null,67,54,8,2,1,0
2/18/26 17:57,null,null,56,48,9,1,0,0
2/18/26 17:57,null,null,54,47,9,1,0,0
2/18/26 17:57,null,null,42,37,7,1,1,0
2/18/26 17:57,null,null,44,42,9,1,0,0
2/18/26 17:57,null,null,41,38,14,2,1,0
2/18/26 17:58,null,null,63,56,12,1,1,0
2/18/26 17:58,null,null,70,63,10,1,0,0
2/18/26 17:58,null,null,44,37,10,2,0,0
2/18/26 17:58,null,null,48,37,9,3,0,0
2/18/26 17:58,null,null,47,38,8,2,0,0
2/18/26 17:58,null,null,70,64,6,1,0,0
2/18/26 17:58,null,null,76,72,10,1,0,0
2/18/26 17:58,null,null,49,45,16,3,0,0
2/18/26 17:58,null,null,49,44,14,1,0,0
2/18/26 17:58,null,null,39,33,5,0,0,0
2/18/26 17:58,null,null,26,24,5,1,0,0
2/18/26 17:59,null,null,41,40,15,2,0,0
2/18/26 17:59,null,null,57,53,20,2,1,0
2/18/26 17:59,null,null,51,45,15,2,1,0
2/18/26 17:59,null,null,66,53,16,1,1,0
2/18/26 17:59,null,null,64,53,16,3,0,0
2/18/26 17:59,null,null,45,41,11,2,0,0
2/18/26 17:59,null,null,51,44,10,0,0,0
2/18/26 17:59,null,null,51,45,9,1,0,0
2/18/26 17:59,null,null,59,49,9,2,0,0
2/18/26 17:59,null,null,54,45,10,1,1,0
2/18/26 17:59,null,null,34,31,6,0,0,0
2/18/26 17:59,null,null,46,41,8,1,0,0
2/18/26 18:00,null,null,53,48,13,4,0,0
2/18/26 18:00,null,null,48,45,13,2,0,0
2/18/26 18:00,null,null,54,49,11,0,0,0
2/18/26 18:00,null,null,52,44,12,1,0,0
2/18/26 18:00,null,null,39,29,10,1,0,0
2/18/26 18:00,null,null,42,37,11,3,0,0
2/18/26 18:00,null,null,56,48,12,3,1,1
2/18/26 18:00,null,null,45,35,5,1,0,0
2/18/26 18:00,null,null,40,33,7,1,0,0
2/18/26 18:00,null,null,62,57,10,2,1,1
2/18/26 18:00,null,null,74,69,8,2,0,0
2/18/26 18:01,null,null,61,56,10,4,0,0
2/18/26 18:01,null,null,46,41,8,4,0,0
2/18/26 18:01,null,null,31,30,4,0,0,0
2/18/26 18:01,null,null,25,25,4,0,0,0
2/18/26 18:01,null,null,29,27,7,0,0,0
2/18/26 18:01,null,null,33,30,12,3,0,0
2/18/26 18:01,null,null,32,29,13,6,1,0
2/18/26 18:01,null,null,39,37,14,7,1,0
2/18/26 18:01,null,null,42,40,15,4,0,0
2/18/26 18:01,null,null,38,34,10,1,0,0
2/18/26 18:01,null,null,49,41,9,1,0,0
2/18/26 18:02,null,null,62,53,12,2,0,0
2/18/26 18:02,null,null,56,52,14,4,0,0
2/18/26 18:02,null,null,40,36,10,2,0,0
2/18/26 18:02,null,null,40,34,5,0,0,0
2/18/26 18:02,null,null,39,33,4,0,0,0
2/18/26 18:02,null,null,39,37,4,0,0,0
2/18/26 18:02,null,null,50,46,7,2,1,0
2/18/26 18:02,null,null,64,54,20,9,2,0
2/18/26 18:02,null,null,65,55,25,10,2,0
2/18/26 18:02,null,null,64,55,13,3,1,0
2/18/26 18:02,null,null,59,51,8,3,2,0
2/18/26 18:02,null,null,49,43,9,3,1,0
2/18/26 18:03,null,null,48,42,10,0,0,0
2/18/26 18:03,null,null,35,31,9,1,0,0
2/18/26 18:03,null,null,39,34,10,2,0,0
2/18/26 18:03,null,null,54,50,15,4,0,0
2/18/26 18:03,null,null,46,45,13,3,1,0
2/18/26 18:03,null,null,40,36,13,2,0,0
2/18/26 18:03,null,null,49,43,16,2,0,0
2/18/26 18:03,null,null,48,42,9,1,0,0
2/18/26 18:03,null,null,38,32,4,1,1,0
2/18/26 18:03,null,null,36,30,9,2,1,0
2/18/26 18:03,null,null,41,36,10,2,1,1
2/18/26 18:04,null,null,53,45,9,2,1,1
2/18/26 18:04,null,null,52,40,10,2,1,1
2/18/26 18:04,null,null,46,34,8,0,0,0
2/18/26 18:04,null,null,37,28,4,1,1,0
2/18/26 18:04,null,null,34,25,4,2,1,0
2/18/26 18:04,null,null,45,34,8,4,2,0
2/18/26 18:04,null,null,57,49,12,2,0,0
2/18/26 18:04,null,null,55,51,10,0,0,0
2/18/26 18:04,null,null,35,32,8,0,0,0
2/18/26 18:04,null,null,34,29,9,1,0,0
2/18/26 18:04,null,null,33,30,7,0,0,0
2/18/26 18:04,null,null,35,32,11,1,0,0
2/18/26 18:05,null,null,39,35,14,3,2,0
2/18/26 18:05,null,null,41,35,9,2,1,0
2/18/26 18:05,null,null,47,40,8,0,0,0
2/18/26 18:05,null,null,40,37,7,0,0,0
2/18/26 18:05,null,null,42,34,9,1,0,0
2/18/26 18:05,null,null,43,32,12,2,0,0
2/18/26 18:05,null,null,47,42,12,2,1,0
2/18/26 18:05,null,null,54,52,11,0,0,0
2/18/26 18:05,null,null,40,37,8,0,0,0
2/18/26 18:05,null,null,37,32,7,0,0,0
2/18/26 18:05,null,null,43,38,7,0,0,0
2/18/26 18:06,null,null,48,43,4,0,0,0
2/18/26 18:06,null,null,40,35,5,0,0,0
2/18/26 18:06,null,null,43,33,10,2,1,0
2/18/26 18:06,null,null,42,30,8,2,1,0
2/18/26 18:06,null,null,36,29,5,1,0,0
2/18/26 18:06,null,null,37,33,6,2,0,0
2/18/26 18:06,null,null,31,30,5,0,0,0
2/18/26 18:06,null,null,31,30,5,0,0,0
2/18/26 18:06,null,null,32,28,5,0,0,0
2/18/26 18:06,null,null,43,37,11,1,0,0
2/18/26 18:06,null,null,42,37,11,3,1,0
2/18/26 18:07,null,null,40,37,8,2,1,0
2/18/26 18:07,null,null,57,55,14,2,1,1
2/18/26 18:07,null,null,52,50,14,2,0,0
2/18/26 18:07,null,null,52,45,14,3,0,0
2/18/26 18:07,null,null,65,56,19,3,1,0
2/18/26 18:07,null,null,60,52,15,3,0,0
2/18/26 18:07,null,null,53,42,11,2,0,0
2/18/26 18:07,null,null,43,36,8,2,0,0
2/18/26 18:07,null,null,41,39,6,1,0,0
2/18/26 18:07,null,null,40,37,6,0,0,0
2/18/26 18:07,null,null,34,32,6,1,0,0
2/18/26 18:07,null,null,36,31,5,1,0,0
2/18/26 18:08,null,null,43,32,9,0,0,0
2/18/26 18:08,null,null,46,37,13,1,1,0
2/18/26 18:08,null,null,40,35,9,1,0,0
2/18/26 18:08,null,null,39,34,4,1,0,0
2/18/26 18:08,null,null,43,41,6,2,1,0
2/18/26 18:08,null,null,35,32,7,1,0,0
2/18/26 18:08,null,null,30,24,8,0,0,0
2/18/26 18:08,null,null,40,34,11,0,0,0
2/18/26 18:08,null,null,61,52,16,3,1,0
2/18/26 18:08,null,null,54,44,13,3,2,0
2/18/26 18:08,null,null,35,29,9,1,1,0
2/18/26 18:09,null,null,46,42,13,1,0,0
2/18/26 18:09,null,null,52,50,12,2,0,0
2/18/26 18:09,null,null,47,42,10,1,0,0
2/18/26 18:09,null,null,35,29,12,3,0,0
2/18/26 18:09,null,null,31,28,10,3,0,0
2/18/26 18:09,null,null,30,28,6,0,0,0
2/18/26 18:09,null,null,31,27,5,0,0,0
2/18/26 18:09,null,null,41,32,9,1,0,0
2/18/26 18:09,null,null,45,34,9,1,0,0
2/18/26 18:09,null,null,37,32,8,0,0,0
2/18/26 18:09,null,null,31,28,11,0,0,0
2/18/26 18:09,null,null,33,30,11,1,0,0
2/18/26 18:10,null,null,37,33,9,1,0,0
2/18/26 18:10,null,null,33,28,8,2,1,0
2/18/26 18:10,null,null,35,31,12,5,3,0
2/18/26 18:10,null,null,38,32,12,5,2,0
2/18/26 18:10,null,null,40,31,10,3,0,0
2/18/26 18:10,null,null,38,32,7,1,0,0
2/18/26 18:10,null,null,32,25,2,0,0,0
2/18/26 18:10,null,null,30,25,5,1,0,0
2/18/26 18:10,null,null,40,38,14,3,1,1
2/18/26 18:10,null,null,48,44,16,3,1,0
2/18/26 18:10,null,null,37,33,10,1,0,0
2/18/26 18:11,null,null,33,30,11,1,0,0
2/18/26 18:11,null,null,37,32,12,1,0,0
2/18/26 18:11,null,null,44,39,11,2,0,0
2/18/26 18:11,null,null,35,33,9,0,0,0
2/18/26 18:11,null,null,23,21,4,0,0,0
2/18/26 18:12,null,null,25,22,6,2,1,0
2/18/26 18:12,null,null,35,30,7,1,0,0
2/18/26 18:12,null,null,50,42,11,0,0,0
2/18/26 18:12,null,null,53,45,13,2,1,0
2/18/26 18:12,null,null,39,35,10,3,0,0
2/18/26 18:12,null,null,41,39,7,1,0,0
2/18/26 18:12,null,null,49,47,11,0,0,0
2/18/26 18:12,null,null,47,44,19,4,0,0
2/18/26 18:12,null,null,46,42,18,6,0,0
2/18/26 18:12,null,null,49,46,10,2,0,0
2/18/26 18:12,null,null,49,44,7,0,0,0
2/18/26 18:13,null,null,53,47,13,0,0,0
2/18/26 18:13,null,null,63,57,16,1,0,0
2/18/26 18:13,null,null,55,47,11,1,0,0
2/18/26 18:13,null,null,51,41,7,2,1,0
2/18/26 18:13,null,null,54,44,6,1,0,0
2/18/26 18:13,null,null,46,40,5,0,0,0
2/18/26 18:13,null,null,43,39,6,1,0,0
2/18/26 18:13,null,null,37,36,7,1,0,0
2/18/26 18:13,null,null,43,33,8,0,0,0
2/18/26 18:13,null,null,55,41,7,0,0,0
2/18/26 18:13,null,null,46,42,4,0,0,0
2/18/26 18:13,null,null,40,38,3,0,0,0
2/18/26 18:14,null,null,44,38,5,1,0,0
2/18/26 18:14,null,null,48,42,7,1,0,0
2/18/26 18:14,null,null,43,40,8,1,0,0
2/18/26 18:14,null,null,47,42,13,1,1,0
2/18/26 18:14,null,null,52,46,14,1,0,0
2/18/26 18:14,null,null,37,33,8,0,0,0
2/18/26 18:14,null,null,30,26,6,0,0,0
2/18/26 18:14,null,null,40,36,7,0,0,0
2/18/26 18:14,null,null,48,43,7,0,0,0
2/18/26 18:14,null,null,40,36,7,0,0,0
2/18/26 18:14,null,null,31,29,5,0,0,0
2/18/26 18:15,null,null,28,25,4,1,0,0
2/18/26 18:15,null,null,26,23,3,1,0,0
2/18/26 18:15,null,null,38,28,3,1,0,0
2/18/26 18:15,null,null,38,28,5,0,0,0
2/18/26 18:15,null,null,33,31,13,1,0,0
2/18/26 18:15,null,null,41,37,16,2,1,0
2/18/26 18:15,null,null,37,32,12,3,1,1
2/18/26 18:15,null,null,40,35,13,5,1,0
2/18/26 18:15,null,null,45,38,12,3,1,0
2/18/26 18:15,null,null,30,25,6,0,0,0
2/18/26 18:15,null,null,27,25,6,0,0,0
2/18/26 18:15,null,null,37,35,10,0,0,0
2/18/26 18:16,null,null,35,33,12,1,0,0
2/18/26 18:16,null,null,33,30,11,0,0,0
2/18/26 18:16,null,null,33,26,5,1,1,0
2/18/26 18:16,null,null,40,29,3,0,0,0
2/18/26 18:16,null,null,38,30,5,0,0,0
2/18/26 18:16,null,null,39,31,7,0,0,0
2/18/26 18:16,null,null,50,41,7,0,0,0
2/18/26 18:16,null,null,44,38,5,1,0,0
2/18/26 18:16,null,null,41,36,6,0,0,0
2/18/26 18:16,null,null,33,30,7,1,0,0
2/18/26 18:16,null,null,31,29,8,3,1,0
2/18/26 18:17,null,null,49,41,11,2,1,0
2/18/26 18:17,null,null,59,50,18,2,1,0
2/18/26 18:17,null,null,39,33,15,1,0,0
2/18/26 18:17,null,null,31,23,6,0,0,0
2/18/26 18:17,null,null,35,28,4,0,0,0
2/18/26 18:17,null,null,28,25,7,0,0,0
2/18/26 18:17,null,null,27,22,8,1,0,0
2/18/26 18:17,null,null,40,29,7,1,0,0
2/18/26 18:17,null,null,47,38,7,0,0,0
2/18/26 18:17,null,null,38,33,7,2,1,0
2/18/26 18:17,null,null,60,53,8,1,0,0
2/18/26 18:18,null,null,64,54,6,0,0,0
2/18/26 18:18,null,null,53,43,4,1,0,0
2/18/26 18:18,null,null,47,42,4,1,0,0
2/18/26 18:18,null,null,27,24,3,1,0,0
2/18/26 18:18,null,null,27,21,4,1,0,0
2/18/26 18:18,null,null,30,27,7,0,0,0
2/18/26 18:18,null,null,54,50,16,0,0,0
2/18/26 18:18,null,null,90,76,15,1,0,0
2/18/26 18:18,null,null,61,50,7,0,0,0
2/18/26 18:18,null,null,28,26,8,1,0,0
2/18/26 18:18,null,null,32,30,11,2,0,0
2/18/26 18:18,null,null,28,26,6,1,0,0
2/18/26 18:19,null,null,36,32,5,2,1,0
2/18/26 18:19,null,null,43,40,7,1,1,0
2/18/26 18:19,null,null,38,37,8,1,0,0
2/18/26 18:19,null,null,38,35,12,0,0,0
2/18/26 18:19,null,null,37,34,8,0,0,0
2/18/26 18:19,null,null,45,41,6,1,1,1
2/18/26 18:19,null,null,58,53,10,2,1,0
2/18/26 18:19,null,null,78,72,6,2,1,0
2/18/26 18:19,null,null,68,59,3,1,0,0
2/18/26 18:19,null,null,34,25,7,2,1,0
2/18/26 18:19,null,null,39,35,10,1,0,0
2/18/26 18:20,null,null,43,40,6,0,0,0
2/18/26 18:20,null,null,34,28,3,0,0,0
2/18/26 18:20,null,null,28,23,5,0,0,0
2/18/26 18:20,null,null,28,25,8,1,0,0
2/18/26 18:20,null,null,42,38,7,1,0,0
2/18/26 18:20,null,null,52,46,6,1,0,0
2/18/26 18:20,null,null,53,45,6,2,0,0
2/18/26 18:20,null,null,52,44,3,1,0,0
2/18/26 18:20,null,null,49,43,2,0,0,0
2/18/26 18:20,null,null,53,46,12,1,1,1
2/18/26 18:20,null,null,49,41,13,2,1,1
2/18/26 18:20,null,null,40,37,6,1,0,0
2/18/26 18:21,null,null,34,33,8,0,0,0
2/18/26 18:21,null,null,32,31,15,0,0,0
2/18/26 18:21,null,null,29,26,15,1,1,0
2/18/26 18:21,null,null,27,22,8,2,1,0
2/18/26 18:21,null,null,31,28,10,5,1,0
2/18/26 18:21,null,null,34,30,9,5,1,1
2/18/26 18:21,null,null,37,32,9,2,0,0
2/18/26 18:21,null,null,34,30,10,1,0,0
2/18/26 18:21,null,null,32,28,9,2,1,0
2/18/26 18:21,null,null,34,30,11,2,1,0
2/18/26 18:21,null,null,51,42,13,1,0,0
2/18/26 18:22,null,null,57,51,14,0,0,0
2/18/26 18:22,null,null,39,36,8,0,0,0
2/18/26 18:22,null,null,28,24,8,2,2,0
2/18/26 18:22,null,null,32,29,14,1,1,0
2/18/26 18:22,null,null,29,27,13,0,0,0
2/18/26 18:22,null,null,29,26,8,1,1,0
2/18/26 18:22,null,null,34,32,6,1,0,0
2/18/26 18:22,null,null,32,31,6,0,0,0
2/18/26 18:22,null,null,31,29,5,0,0,0
2/18/26 18:22,null,null,50,45,10,2,0,0
2/18/26 18:22,null,null,52,46,14,5,0,0
2/18/26 18:23,null,null,50,42,12,5,0,0
2/18/26 18:23,null,null,59,50,9,3,0,0
2/18/26 18:23,null,null,45,38,5,1,0,0
2/18/26 18:23,null,null,34,31,5,0,0,0
2/18/26 18:23,null,null,42,39,6,0,0,0
2/18/26 18:23,null,null,53,46,7,0,0,0
2/18/26 18:23,null,null,55,47,12,0,0,0
2/18/26 18:23,null,null,58,49,12,1,0,0
2/18/26 18:23,null,null,54,46,5,1,0,0
2/18/26 18:23,null,null,55,48,7,1,1,0
2/18/26 18:23,null,null,68,61,8,1,1,0
2/18/26 18:23,null,null,53,50,5,1,0,0
2/18/26 18:24,null,null,32,30,6,2,0,0
2/18/26 18:24,null,null,25,24,8,1,0,0
2/18/26 18:24,null,null,24,23,8,1,0,0
2/18/26 18:24,null,null,28,26,9,1,0,0
2/18/26 18:24,null,null,29,27,11,1,0,0
2/18/26 18:24,null,null,26,25,13,1,0,0
2/18/26 18:24,null,null,25,22,8,1,0,0
2/18/26 18:24,null,null,27,23,4,1,0,0
2/18/26 18:24,null,null,35,32,8,3,1,0
2/18/26 18:24,null,null,36,33,7,2,0,0
2/18/26 18:24,null,null,28,26,5,2,1,0
2/18/26 18:25,null,null,23,20,7,3,3,0
2/18/26 18:25,null,null,24,20,5,2,1,0
2/18/26 18:25,null,null,31,25,3,1,0,0
2/18/26 18:25,null,null,35,29,4,1,1,0
2/18/26 18:25,null,null,39,29,6,1,1,0
2/18/26 18:25,null,null,46,39,8,2,1,0
2/18/26 18:25,null,null,60,55,7,2,1,0
2/18/26 18:25,null,null,47,41,6,0,0,0
2/18/26 18:25,null,null,28,25,4,0,0,0
2/18/26 18:25,null,null,20,19,2,0,0,0
2/18/26 18:25,null,null,16,14,3,1,1,0
2/18/26 18:25,null,null,24,21,3,1,1,0
2/18/26 18:26,null,null,35,32,4,0,0,0
2/18/26 18:26,null,null,38,36,5,1,0,0
2/18/26 18:26,null,null,37,34,10,2,1,0
2/18/26 18:26,null,null,49,40,13,2,1,0
2/18/26 18:26,null,null,45,36,10,3,2,1
2/18/26 18:26,null,null,34,27,9,1,1,0
2/18/26 18:26,null,null,33,27,8,0,0,0
2/18/26 18:26,null,null,45,38,10,1,0,0
2/18/26 18:26,null,null,57,49,12,2,1,0
2/18/26 18:26,null,null,45,41,13,1,0,0
2/18/26 18:26,null,null,33,26,11,3,1,0
2/18/26 18:27,null,null,29,22,9,4,2,0
2/18/26 18:27,null,null,22,20,6,1,1,0
2/18/26 18:27,null,null,23,20,9,1,0,0
2/18/26 18:27,null,null,36,29,14,4,3,0
2/18/26 18:27,null,null,34,27,10,3,2,0
2/18/26 18:27,null,null,31,26,6,1,0,0
2/18/26 18:27,null,null,35,32,7,1,0,0
2/18/26 18:27,null,null,43,41,9,1,0,0
2/18/26 18:27,null,null,46,42,7,1,0,0
2/18/26 18:27,null,null,37,33,10,2,1,0
2/18/26 18:27,null,null,44,39,16,3,2,0
2/18/26 18:27,null,null,41,37,12,3,2,0
2/18/26 18:28,null,null,39,37,11,2,0,0
2/18/26 18:28,null,null,42,40,14,1,0,0
2/18/26 18:28,null,null,34,32,13,2,0,0
2/18/26 18:28,null,null,33,27,8,2,0,0
2/18/26 18:28,null,null,30,21,4,1,0,0
2/18/26 18:28,null,null,25,17,5,1,0,0
2/18/26 18:28,null,null,25,19,4,1,0,0
2/18/26 18:28,null,null,25,20,1,0,0,0
2/18/26 18:28,null,null,31,25,2,0,0,0
2/18/26 18:28,null,null,46,38,7,1,1,0
2/18/26 18:28,null,null,47,39,8,0,0,0
2/18/26 18:29,null,null,52,43,9,0,0,0
2/18/26 18:29,null,null,68,56,11,1,0,0
2/18/26 18:29,null,null,61,52,12,1,0,0
2/18/26 18:29,null,null,49,45,14,2,0,0
2/18/26 18:29,null,null,45,43,12,1,0,0
2/18/26 18:29,null,null,36,33,8,0,0,0
2/18/26 18:29,null,null,42,33,6,0,0,0
2/18/26 18:29,null,null,71,60,11,2,0,0
2/18/26 18:29,null,null,58,50,12,2,0,0
2/18/26 18:29,null,null,26,22,11,0,0,0
2/18/26 18:29,null,null,32,27,9,0,0,0
2/18/26 18:30,null,null,37,31,5,1,1,0
2/18/26 18:30,null,null,37,34,8,0,0,0
2/18/26 18:30,null,null,58,51,12,1,0,0
2/18/26 18:30,null,null,51,44,10,2,0,0
2/18/26 18:30,null,null,28,25,6,0,0,0
2/18/26 18:30,null,null,27,23,7,1,0,0
2/18/26 18:30,null,null,23,20,3,0,0,0
2/18/26 18:30,null,null,25,23,4,0,0,0
2/18/26 18:30,null,null,45,41,9,1,0,0
2/18/26 18:30,null,null,51,48,9,2,0,0
2/18/26 18:32,null,null,27,25,10,0,0,0
2/18/26 18:32,null,null,24,22,7,0,0,0
2/18/26 18:32,null,null,20,17,5,1,1,1
2/18/26 18:32,null,null,27,25,6,1,0,0
2/18/26 18:32,null,null,24,23,3,1,0,0
2/18/26 18:32,null,null,18,17,6,1,1,0
2/18/26 18:32,null,null,23,19,8,2,1,0
2/18/26 18:32,null,null,23,19,6,2,0,0
2/18/26 18:32,null,null,19,18,6,2,0,0
2/18/26 18:33,null,null,21,15,3,1,0,0
2/18/26 18:33,null,null,25,19,1,0,0,0
2/18/26 18:33,null,null,27,26,1,0,0,0
2/18/26 18:33,null,null,23,20,2,1,0,0
2/18/26 18:33,null,null,20,17,4,1,0,0
2/18/26 18:33,null,null,34,29,6,1,0,0
2/18/26 18:33,null,null,38,32,5,1,0,0
2/18/26 18:33,null,null,44,40,6,0,0,0
2/18/26 18:33,null,null,45,41,6,1,1,0
2/18/26 18:33,null,null,26,22,4,1,0,0
2/18/26 18:33,null,null,30,26,8,1,0,0
2/18/26 18:34,null,null,41,35,9,1,1,0
2/18/26 18:34,null,null,37,30,3,0,0,0
2/18/26 18:34,null,null,26,22,2,0,0,0
2/18/26 18:34,null,null,15,12,4,0,0,0
2/18/26 18:34,null,null,16,13,4,1,0,0
2/18/26 18:34,null,null,20,17,6,1,1,0
2/18/26 18:34,null,null,17,15,6,2,1,0
2/18/26 18:34,null,null,17,14,4,1,1,0
2/18/26 18:34,null,null,20,17,4,2,2,0
2/18/26 18:34,null,null,28,26,4,1,1,0
2/18/26 18:34,null,null,41,39,6,1,0,0
2/18/26 18:34,null,null,36,33,8,2,0,0
2/18/26 18:35,null,null,27,24,4,0,0,0
2/18/26 18:35,null,null,32,28,2,0,0,0
2/18/26 18:35,null,null,34,29,3,0,0,0
2/18/26 18:35,null,null,22,19,4,1,0,0
2/18/26 18:35,null,null,13,12,5,1,0,0
2/18/26 18:35,null,null,15,12,5,1,0,0
2/18/26 18:35,null,null,16,12,3,0,0,0
2/18/26 18:35,null,null,19,16,2,0,0,0
2/18/26 18:35,null,null,43,36,7,0,0,0
2/18/26 18:35,null,null,53,44,10,0,0,0
2/18/26 18:35,null,null,30,25,6,0,0,0
2/18/26 18:36,null,null,19,16,3,0,0,0
2/18/26 18:36,null,null,24,21,4,1,0,0
2/18/26 18:36,null,null,30,27,6,2,0,0
2/18/26 18:36,null,null,35,33,7,2,0,0
2/18/26 18:36,null,null,31,27,7,0,0,0
2/18/26 18:36,null,null,26,20,6,0,0,0
2/18/26 18:36,null,null,27,20,6,0,0,0
2/18/26 18:36,null,null,20,15,6,0,0,0
2/18/26 18:36,null,null,15,10,4,0,0,0
2/18/26 18:36,null,null,14,10,4,1,1,0
2/18/26 18:36,null,null,17,16,5,0,0,0
2/18/26 18:36,null,null,23,22,5,0,0,0
2/18/26 18:37,null,null,27,24,6,1,0,0
2/18/26 18:37,null,null,27,22,6,1,0,0
2/18/26 18:37,null,null,21,16,4,1,1,0
2/18/26 18:37,null,null,9,7,1,0,0,0
2/18/26 18:37,null,null,8,7,1,0,0,0
2/18/26 18:37,null,null,15,13,3,0,0,0
2/18/26 18:37,null,null,26,26,3,0,0,0
2/18/26 18:37,null,null,30,29,6,0,0,0
2/18/26 18:37,null,null,35,31,7,0,0,0
2/18/26 18:37,null,null,46,38,9,1,0,0
2/18/26 18:37,null,null,38,33,9,0,0,0
2/18/26 18:38,null,null,29,27,8,0,0,0
2/18/26 18:38,null,null,28,26,7,1,0,0
2/18/26 18:38,null,null,23,19,3,0,0,0
2/18/26 18:38,null,null,18,13,3,0,0,0
2/18/26 18:38,null,null,22,20,5,0,0,0
2/18/26 18:38,null,null,22,21,3,0,0,0
2/18/26 18:38,null,null,20,19,2,0,0,0
2/18/26 18:38,null,null,24,22,2,1,1,0
2/18/26 18:38,null,null,21,20,1,1,1,0
2/18/26 18:38,null,null,18,17,1,1,1,0
2/18/26 18:38,null,null,21,20,3,1,0,0
2/18/26 18:39,null,null,23,22,5,1,0,0
2/18/26 18:39,null,null,36,32,7,2,0,0
2/18/26 18:39,null,null,45,38,9,2,0,0
2/18/26 18:39,null,null,30,24,7,1,0,0
2/18/26 18:39,null,null,15,10,3,0,0,0
2/18/26 18:39,null,null,16,15,7,1,0,0
2/18/26 18:39,null,null,27,23,9,1,0,0
2/18/26 18:39,null,null,35,23,6,0,0,0
2/18/26 18:39,null,null,29,19,6,1,1,0
2/18/26 18:39,null,null,24,23,4,0,0,0
2/18/26 18:39,null,null,19,18,3,0,0,0
2/18/26 18:39,null,null,14,11,6,1,1,1
2/18/26 18:40,null,null,18,13,6,0,0,0
2/18/26 18:40,null,null,27,20,6,1,0,0
2/18/26 18:40,null,null,37,29,6,1,0,0
2/18/26 18:40,null,null,37,28,5,1,0,0
2/18/26 18:40,null,null,27,21,7,1,1,1
2/18/26 18:40,null,null,21,18,5,0,0,0
2/18/26 18:40,null,null,25,18,3,0,0,0
2/18/26 18:40,null,null,28,20,4,1,0,0
2/18/26 18:40,null,null,29,21,2,0,0,0
2/18/26 18:40,null,null,26,23,3,0,0,0
2/18/26 18:40,null,null,27,25,5,0,0,0
2/18/26 18:41,null,null,33,28,6,0,0,0
2/18/26 18:41,null,null,28,25,6,1,0,0
2/18/26 18:41,null,null,19,18,4,2,1,1
2/18/26 18:41,null,null,22,21,5,1,0,0
2/18/26 18:41,null,null,26,24,5,0,0,0
2/18/26 18:41,null,null,29,25,3,0,0,0
2/18/26 18:41,null,null,31,22,4,1,1,0
2/18/26 18:41,null,null,18,13,4,2,1,0
2/18/26 18:41,null,null,10,9,3,2,1,0
2/18/26 18:41,null,null,17,15,5,1,0,0
2/18/26 18:41,null,null,35,29,6,1,0,0
2/18/26 18:41,null,null,40,35,9,1,0,0
2/18/26 18:42,null,null,24,21,9,0,0,0
2/18/26 18:42,null,null,14,12,4,0,0,0
2/18/26 18:42,null,null,20,18,2,1,1,1
2/18/26 18:42,null,null,32,24,4,1,0,0
2/18/26 18:42,null,null,36,28,8,1,0,0
2/18/26 18:42,null,null,32,31,8,0,0,0
2/18/26 18:42,null,null,40,36,4,0,0,0
2/18/26 18:42,null,null,37,31,3,0,0,0
2/18/26 18:42,null,null,26,22,4,0,0,0
2/18/26 18:42,null,null,46,43,7,1,1,0
2/18/26 18:42,null,null,49,46,9,1,0,0
2/18/26 18:43,null,null,27,24,5,0,0,0
2/18/26 18:43,null,null,20,18,1,0,0,0
2/18/26 18:43,null,null,20,18,1,1,0,0
2/18/26 18:43,null,null,30,23,2,0,0,0
2/18/26 18:43,null,null,34,24,4,0,0,0
2/18/26 18:43,null,null,27,19,4,0,0,0
2/18/26 18:43,null,null,24,20,4,2,0,0
2/18/26 18:43,null,null,23,23,6,1,0,0
2/18/26 18:43,null,null,33,33,8,0,0,0
2/18/26 18:43,null,null,37,36,6,1,1,0
2/18/26 18:43,null,null,24,22,6,1,0,0
2/18/26 18:44,null,null,39,36,14,4,1,0
2/18/26 18:44,null,null,42,41,13,4,2,1
2/18/26 18:44,null,null,22,22,2,0,0,0
2/18/26 18:44,null,null,33,30,5,1,0,0
2/18/26 18:44,null,null,41,35,8,2,0,0
2/18/26 18:44,null,null,30,25,6,1,0,0
2/18/26 18:44,null,null,20,16,4,0,0,0
2/18/26 18:44,null,null,19,18,4,2,0,0
2/18/26 18:44,null,null,26,24,7,3,1,1
2/18/26 18:44,null,null,26,24,5,2,0,0
2/18/26 18:44,null,null,22,21,1,1,0,0
2/18/26 18:44,null,null,20,16,0,0,0,0
2/18/26 18:45,null,null,21,15,2,0,0,0
2/18/26 18:45,null,null,23,18,4,1,1,0
2/18/26 18:45,null,null,26,22,4,0,0,0
2/18/26 18:45,null,null,29,24,2,0,0,0
2/18/26 18:45,null,null,39,33,2,0,0,0
2/18/26 18:45,null,null,41,36,3,0,0,0
2/18/26 18:45,null,null,41,35,5,1,0,0
2/18/26 18:45,null,null,42,38,6,1,0,0
2/18/26 18:45,null,null,36,34,8,0,0,0
2/18/26 18:45,null,null,37,35,13,1,0,0
2/18/26 18:45,null,null,44,40,14,1,0,0
2/18/26 18:46,null,null,68,61,10,0,0,0
2/18/26 18:46,null,null,58,51,9,1,0,0
2/18/26 18:46,null,null,35,29,12,2,1,0
2/18/26 18:46,null,null,38,33,10,1,0,0
2/18/26 18:46,null,null,31,29,8,1,0,0
2/18/26 18:46,null,null,43,40,6,1,0,0
2/18/26 18:46,null,null,66,59,11,1,0,0
2/18/26 18:46,null,null,45,38,9,1,0,0
2/18/26 18:46,null,null,30,23,8,1,0,0
2/18/26 18:46,null,null,33,24,8,1,0,0
2/18/26 18:46,null,null,32,27,7,1,0,0
2/18/26 18:46,null,null,28,26,9,1,0,0
2/18/26 18:47,null,null,28,25,9,3,0,0
2/18/26 18:47,null,null,56,50,13,4,0,0
2/18/26 18:47,null,null,78,69,19,2,1,1
2/18/26 18:47,null,null,57,48,14,2,0,0
2/18/26 18:47,null,null,28,21,4,3,0,0
2/18/26 18:47,null,null,29,23,6,2,0,0
2/18/26 18:47,null,null,35,31,7,1,1,1
2/18/26 18:47,null,null,33,31,11,2,0,0
2/18/26 18:47,null,null,44,41,17,2,0,0
2/18/26 18:47,null,null,43,36,15,3,0,0
2/18/26 18:47,null,null,36,29,11,5,0,0
2/18/26 18:48,null,null,42,37,10,4,1,0
2/18/26 18:48,null,null,24,21,6,1,0,0
2/18/26 18:48,null,null,19,17,4,0,0,0
2/18/26 18:48,null,null,31,27,5,0,0,0
2/18/26 18:48,null,null,29,24,7,1,0,0
2/18/26 18:48,null,null,30,27,7,2,0,0
2/18/26 18:48,null,null,34,32,6,1,0,0
2/18/26 18:48,null,null,40,38,8,1,1,0
2/18/26 18:48,null,null,62,49,11,1,0,0
2/18/26 18:48,null,null,60,43,10,0,0,0
2/18/26 18:48,null,null,33,26,6,0,0,0
2/18/26 18:49,null,null,31,27,1,0,0,0
2/18/26 18:49,null,null,42,36,5,0,0,0
2/18/26 18:49,null,null,44,34,8,1,1,0
2/18/26 18:49,null,null,47,32,6,0,0,0
2/18/26 18:49,null,null,45,34,5,0,0,0
2/18/26 18:49,null,null,59,46,7,0,0,0
2/18/26 18:49,null,null,57,46,9,1,0,0
2/18/26 18:49,null,null,41,36,8,1,0,0
2/18/26 18:49,null,null,41,30,6,0,0,0
2/18/26 18:49,null,null,36,24,4,0,0,0
2/18/26 18:49,null,null,46,36,6,2,0,0
2/18/26 18:49,null,null,47,38,11,5,1,0
2/18/26 18:50,null,null,54,46,13,6,2,0
2/18/26 18:50,null,null,114,105,32,3,1,0
2/18/26 18:50,null,null,102,92,28,0,0,0
2/18/26 18:50,null,null,45,39,6,0,0,0
2/18/26 18:50,null,null,45,41,4,0,0,0
2/18/26 18:50,null,null,43,39,4,0,0,0
2/18/26 18:50,null,null,38,35,7,0,0,0
2/18/26 18:50,null,null,44,41,6,0,0,0
2/18/26 18:50,null,null,46,42,6,0,0,0
2/18/26 18:50,null,null,51,47,8,0,0,0
2/18/26 18:50,null,null,45,43,7,0,0,0
2/18/26 18:51,null,null,32,27,4,1,1,0
2/18/26 18:51,null,null,52,38,4,2,2,0
2/18/26 18:51,null,null,58,43,6,1,1,0
2/18/26 18:51,null,null,48,40,6,0,0,0
2/18/26 18:51,null,null,55,44,6,0,0,0
2/18/26 18:51,null,null,57,46,7,0,0,0
2/18/26 18:51,null,null,46,43,7,0,0,0
2/18/26 18:51,null,null,46,36,7,1,0,0
2/18/26 18:51,null,null,49,31,10,3,2,0
2/18/26 18:51,null,null,37,26,9,3,1,0
2/18/26 18:51,null,null,34,32,8,4,1,0
2/18/26 18:51,null,null,47,39,7,5,1,0
2/18/26 18:52,null,null,56,44,4,2,0,0
2/18/26 18:52,null,null,48,40,2,1,0,0
2/18/26 18:52,null,null,32,26,2,0,0,0
2/18/26 18:52,null,null,37,28,3,0,0,0
2/18/26 18:52,null,null,43,33,5,0,0,0
2/18/26 18:52,null,null,54,47,7,1,1,0
2/18/26 18:52,null,null,64,56,6,0,0,0
2/18/26 18:52,null,null,49,42,4,0,0,0
2/18/26 18:52,null,null,44,39,7,0,0,0
2/18/26 18:52,null,null,52,44,12,1,0,0
2/18/26 18:52,null,null,47,38,11,2,0,0
2/18/26 18:53,null,null,48,38,6,3,0,0
2/18/26 18:53,null,null,58,48,4,1,0,0
2/18/26 18:53,null,null,69,63,3,0,0,0
2/18/26 18:53,null,null,61,56,5,0,0,0
2/18/26 18:53,null,null,43,38,6,1,0,0
2/18/26 18:53,null,null,45,41,4,2,1,0
2/18/26 18:53,null,null,44,42,6,1,0,0
2/18/26 18:53,null,null,46,40,11,2,0,0
2/18/26 18:53,null,null,43,36,10,2,0,0
2/18/26 18:53,null,null,51,44,18,1,1,0
2/18/26 18:53,null,null,64,53,19,1,0,0
2/18/26 18:54,null,null,72,62,23,2,0,0
2/18/26 18:54,null,null,70,61,21,2,0,0
2/18/26 18:54,null,null,60,51,6,1,0,0
2/18/26 18:54,null,null,57,47,5,1,0,0
2/18/26 18:54,null,null,52,44,5,0,0,0
2/18/26 18:54,null,null,61,52,5,0,0,0
2/18/26 18:54,null,null,64,53,7,0,0,0
2/18/26 18:54,null,null,58,49,6,0,0,0
2/18/26 18:54,null,null,51,46,4,0,0,0
2/18/26 18:54,null,null,48,45,6,0,0,0
2/18/26 18:54,null,null,58,50,11,1,0,0
2/18/26 18:54,null,null,60,51,14,0,0,0
2/18/26 18:55,null,null,60,53,12,1,0,0
2/18/26 18:55,null,null,64,54,9,1,0,0
2/18/26 18:55,null,null,45,37,5,0,0,0
2/18/26 18:55,null,null,38,29,4,0,0,0
2/18/26 18:55,null,null,49,34,8,0,0,0
2/18/26 18:55,null,null,58,41,10,2,1,0
2/18/26 18:55,null,null,57,45,8,2,1,0
2/18/26 18:55,null,null,53,46,8,0,0,0
2/18/26 18:55,null,null,49,44,9,0,0,0
2/18/26 18:55,null,null,50,47,12,0,0,0
2/18/26 18:55,null,null,60,53,11,1,0,0
2/18/26 18:56,null,null,55,47,8,0,0,0
2/18/26 18:56,null,null,73,61,12,2,1,0
2/18/26 18:56,null,null,100,82,12,2,1,0
2/18/26 18:56,null,null,91,76,12,1,0,0
2/18/26 18:56,null,null,71,61,11,0,0,0
2/18/26 18:56,null,null,70,58,8,0,0,0
2/18/26 18:56,null,null,79,62,13,1,0,0
2/18/26 18:56,null,null,84,69,20,0,0,0
2/18/26 18:56,null,null,72,62,16,0,0,0
2/18/26 18:56,null,null,69,62,8,0,0,0
2/18/26 18:56,null,null,62,57,4,0,0,0
2/18/26 18:56,null,null,51,40,1,0,0,0
2/18/26 18:57,null,null,68,57,8,0,0,0
2/18/26 18:57,null,null,91,85,22,2,1,0
2/18/26 18:57,null,null,90,84,20,2,1,0
2/18/26 18:57,null,null,58,49,8,0,0,0
2/18/26 18:57,null,null,58,43,9,0,0,0
2/18/26 18:57,null,null,87,66,11,0,0,0
2/18/26 18:57,null,null,77,58,6,1,0,0
2/18/26 18:57,null,null,56,46,5,1,0,0
2/18/26 18:57,null,null,53,47,7,0,0,0
2/18/26 18:57,null,null,72,63,12,0,0,0
2/18/26 18:57,null,null,77,69,11,1,0,0
2/18/26 18:58,null,null,52,48,7,0,0,0
2/18/26 18:58,null,null,45,39,8,1,0,0
2/18/26 18:58,null,null,52,43,11,2,0,0
2/18/26 18:58,null,null,46,39,13,3,1,1
2/18/26 18:58,null,null,38,36,8,1,0,0
2/18/26 18:58,null,null,57,52,5,0,0,0
2/18/26 18:58,null,null,67,54,5,0,0,0
2/18/26 18:58,null,null,55,41,6,0,0,0
2/18/26 18:58,null,null,41,32,6,0,0,0
2/18/26 18:58,null,null,35,28,8,1,0,0
2/18/26 18:58,null,null,45,36,8,2,1,0
2/18/26 18:59,null,null,48,35,5,1,0,0
2/18/26 18:59,null,null,40,31,5,0,0,0
2/18/26 18:59,null,null,48,41,8,0,0,0
2/18/26 18:59,null,null,58,51,8,0,0,0
2/18/26 18:59,null,null,43,35,4,0,0,0
2/18/26 18:59,null,null,37,30,2,0,0,0
2/18/26 18:59,null,null,39,34,4,0,0,0
2/18/26 18:59,null,null,39,29,2,0,0,0
2/18/26 18:59,null,null,43,31,3,0,0,0
2/18/26 18:59,null,null,40,31,6,1,1,0
2/18/26 18:59,null,null,37,28,5,1,1,0
2/18/26 18:59,null,null,41,35,5,0,0,0
2/18/26 19:00,null,null,42,38,3,1,0,0
2/18/26 19:00,null,null,51,46,5,1,0,0
2/18/26 19:00,null,null,77,66,10,3,2,0
2/18/26 19:00,null,null,66,52,8,2,1,0
2/18/26 19:00,null,null,44,35,4,0,0,0
2/18/26 19:00,null,null,48,41,4,1,1,0
2/18/26 19:00,null,null,50,41,6,0,0,0
2/18/26 19:00,null,null,55,45,6,1,1,0
2/18/26 19:00,null,null,53,46,6,1,1,0
2/18/26 19:00,null,null,43,42,7,2,2,0
2/18/26 19:00,null,null,66,65,11,3,0,0
2/18/26 19:01,null,null,90,85,15,4,0,0
2/18/26 19:01,null,null,70,60,11,3,0,0
2/18/26 19:01,null,null,51,39,9,1,0,0
2/18/26 19:01,null,null,47,38,11,0,0,0
2/18/26 19:01,null,null,43,32,7,0,0,0
2/18/26 19:01,null,null,41,31,6,0,0,0
2/18/26 19:01,null,null,47,40,5,0,0,0
2/18/26 19:01,null,null,53,48,10,0,0,0
2/18/26 19:01,null,null,48,46,11,0,0,0
2/18/26 19:01,null,null,45,43,8,0,0,0
2/18/26 19:01,null,null,48,40,6,0,0,0
2/18/26 19:01,null,null,47,37,5,0,0,0
2/18/26 19:02,null,null,54,45,4,0,0,0
2/18/26 19:02,null,null,87,75,8,0,0,0
2/18/26 19:02,null,null,80,65,11,0,0,0
2/18/26 19:02,null,null,37,28,8,0,0,0
2/18/26 19:02,null,null,23,21,4,0,0,0
2/18/26 19:02,null,null,39,37,3,0,0,0
2/18/26 19:02,null,null,50,48,5,0,0,0
2/18/26 19:02,null,null,44,43,10,2,0,0
2/18/26 19:02,null,null,73,61,10,1,0,0
2/18/26 19:02,null,null,82,68,8,0,0,0
2/18/26 19:02,null,null,55,50,8,1,1,0
2/18/26 19:03,null,null,55,54,7,2,0,0
2/18/26 19:03,null,null,48,45,4,1,0,0
2/18/26 19:03,null,null,34,30,4,0,0,0
2/18/26 19:03,null,null,50,45,11,2,1,0
2/18/26 19:03,null,null,75,71,13,2,2,0
2/18/26 19:03,null,null,72,71,9,1,1,0
2/18/26 19:03,null,null,46,42,5,0,0,0
2/18/26 19:03,null,null,32,26,5,0,0,0
2/18/26 19:03,null,null,38,33,6,1,0,0
2/18/26 19:03,null,null,41,35,5,1,0,0
2/18/26 19:03,null,null,32,29,3,1,0,0
2/18/26 19:04,null,null,28,27,3,0,0,0
2/18/26 19:04,null,null,36,31,4,0,0,0
2/18/26 19:04,null,null,39,32,6,2,1,0
2/18/26 19:04,null,null,41,31,4,1,0,0
2/18/26 19:04,null,null,55,38,4,0,0,0
2/18/26 19:04,null,null,53,39,7,1,0,0
2/18/26 19:04,null,null,47,37,5,2,1,1
2/18/26 19:04,null,null,45,31,3,1,1,0
2/18/26 19:04,null,null,54,43,4,1,1,0
2/18/26 19:04,null,null,54,46,6,0,0,0
2/18/26 19:04,null,null,42,32,5,0,0,0
2/18/26 19:04,null,null,36,28,2,0,0,0
2/18/26 19:05,null,null,29,24,4,0,0,0
2/18/26 19:05,null,null,34,30,4,0,0,0
2/18/26 19:05,null,null,44,39,4,0,0,0
2/18/26 19:05,null,null,53,49,9,1,0,0
2/18/26 19:05,null,null,50,46,12,2,0,0
2/18/26 19:05,null,null,59,49,10,3,0,0
2/18/26 19:05,null,null,53,41,6,2,0,0
2/18/26 19:05,null,null,30,24,5,0,0,0
2/18/26 19:05,null,null,39,33,7,0,0,0
2/18/26 19:05,null,null,55,41,13,0,0,0
2/18/26 19:05,null,null,57,44,15,1,0,0
2/18/26 19:06,null,null,48,40,8,0,0,0
2/18/26 19:06,null,null,48,41,4,0,0,0
2/18/26 19:06,null,null,51,42,9,2,1,0
2/18/26 19:06,null,null,39,32,12,2,1,0
2/18/26 19:06,null,null,29,25,9,1,1,1
2/18/26 19:06,null,null,34,29,6,0,0,0
2/18/26 19:06,null,null,36,31,6,0,0,0
2/18/26 19:06,null,null,34,30,8,0,0,0
2/18/26 19:06,null,null,29,25,6,1,1,0
2/18/26 19:06,null,null,26,24,4,1,0,0
2/18/26 19:06,null,null,30,27,3,1,0,0
2/18/26 19:06,null,null,38,33,5,0,0,0
2/18/26 19:07,null,null,53,46,11,1,1,0
2/18/26 19:07,null,null,45,39,9,0,0,0
2/18/26 19:07,null,null,28,23,3,0,0,0
2/18/26 19:07,null,null,23,19,1,0,0,0
2/18/26 19:07,null,null,19,17,1,0,0,0
2/18/26 19:07,null,null,28,26,5,3,2,2
2/18/26 19:07,null,null,34,31,9,3,1,1
2/18/26 19:07,null,null,35,32,6,1,0,0
2/18/26 19:07,null,null,36,32,4,1,1,0
2/18/26 19:07,null,null,41,33,6,1,0,0
2/18/26 19:07,null,null,33,27,7,1,0,0
2/18/26 19:08,null,null,30,26,10,0,0,0
2/18/26 19:08,null,null,35,30,12,0,0,0
2/18/26 19:08,null,null,27,25,6,0,0,0
2/18/26 19:08,null,null,28,27,4,0,0,0
2/18/26 19:08,null,null,31,29,7,0,0,0
2/18/26 19:08,null,null,29,28,9,1,0,0
2/18/26 19:08,null,null,31,29,7,0,0,0
2/18/26 19:08,null,null,36,26,6,1,0,0
2/18/26 19:08,null,null,57,38,6,1,0,0
2/18/26 19:08,null,null,59,46,10,2,2,0
2/18/26 19:08,null,null,45,41,12,1,1,0
2/18/26 19:09,null,null,37,33,6,0,0,0
2/18/26 19:09,null,null,26,22,0,0,0,0
2/18/26 19:09,null,null,28,24,3,0,0,0
2/18/26 19:09,null,null,37,30,5,1,1,0
2/18/26 19:09,null,null,45,33,5,2,1,0
2/18/26 19:09,null,null,49,36,7,3,2,0
2/18/26 19:09,null,null,49,41,7,1,1,0
2/18/26 19:09,null,null,64,54,7,1,1,0
2/18/26 19:09,null,null,61,54,6,0,0,0
2/18/26 19:09,null,null,40,38,6,0,0,0
2/18/26 19:09,null,null,36,32,12,2,0,0
2/18/26 19:09,null,null,30,27,11,3,0,0
2/18/26 19:10,null,null,29,26,5,1,0,0
2/18/26 19:10,null,null,25,21,3,0,0,0
2/18/26 19:10,null,null,18,16,1,0,0,0
2/18/26 19:10,null,null,14,12,2,0,0,0
2/18/26 19:10,null,null,15,14,5,0,0,0
2/18/26 19:10,null,null,25,25,8,0,0,0
2/18/26 19:10,null,null,40,36,7,1,0,0
2/18/26 19:10,null,null,39,31,4,1,0,0
2/18/26 19:10,null,null,40,28,5,1,0,0
2/18/26 19:10,null,null,57,42,5,0,0,0
2/18/26 19:10,null,null,60,47,4,0,0,0
2/18/26 19:11,null,null,49,39,4,1,0,0
2/18/26 19:11,null,null,40,35,3,2,1,0
2/18/26 19:11,null,null,39,34,6,0,0,0
2/18/26 19:11,null,null,33,29,9,0,0,0
2/18/26 19:11,null,null,29,25,7,0,0,0
2/18/26 19:11,null,null,38,32,5,1,1,0
2/18/26 19:11,null,null,46,39,6,0,0,0
2/18/26 19:11,null,null,38,32,5,0,0,0
2/18/26 19:11,null,null,30,26,3,0,0,0
2/18/26 19:11,null,null,29,24,3,0,0,0
2/18/26 19:11,null,null,35,31,7,1,0,0
2/18/26 19:12,null,null,59,55,6,2,1,0
2/18/26 19:12,null,null,46,42,3,1,0,0
2/18/26 19:12,null,null,33,30,4,0,0,0
2/18/26 19:12,null,null,49,39,4,0,0,0
2/18/26 19:12,null,null,54,36,11,2,0,0
2/18/26 19:12,null,null,77,60,17,4,0,0
2/18/26 19:12,null,null,119,96,14,3,0,0
2/18/26 19:12,null,null,97,76,9,1,0,0
2/18/26 19:12,null,null,48,40,8,1,0,0
2/18/26 19:12,null,null,33,28,7,1,0,0
2/18/26 19:12,null,null,23,18,5,1,0,0
2/18/26 19:12,null,null,29,23,7,2,0,0
2/18/26 19:13,null,null,36,29,6,1,0,0
2/18/26 19:13,null,null,26,19,2,0,0,0
2/18/26 19:13,null,null,29,23,4,0,0,0
2/18/26 19:13,null,null,41,37,8,0,0,0
2/18/26 19:13,null,null,65,58,8,0,0,0
2/18/26 19:13,null,null,66,57,7,1,0,0
2/18/26 19:13,null,null,37,34,5,1,1,0
2/18/26 19:13,null,null,58,53,7,2,2,0
2/18/26 19:13,null,null,87,70,11,3,2,0
2/18/26 19:13,null,null,56,42,9,2,1,1
2/18/26 19:13,null,null,20,16,4,1,1,0
2/18/26 19:14,null,null,20,14,4,1,1,0
2/18/26 19:14,null,null,28,24,4,0,0,0
2/18/26 19:14,null,null,29,26,6,1,0,0
2/18/26 19:14,null,null,36,28,8,1,0,0
2/18/26 19:14,null,null,42,31,11,0,0,0
2/18/26 19:14,null,null,36,29,13,2,0,0
2/18/26 19:14,null,null,26,25,9,1,0,0
2/18/26 19:14,null,null,23,23,5,1,0,0
2/18/26 19:14,null,null,32,31,5,2,0,0
2/18/26 19:14,null,null,31,25,2,1,0,0
2/18/26 19:14,null,null,38,25,3,1,0,0
2/18/26 19:14,null,null,35,26,4,0,0,0
2/18/26 19:15,null,null,23,21,4,1,0,0
2/18/26 19:15,null,null,20,19,5,1,0,0
2/18/26 19:15,null,null,26,20,4,2,1,0
2/18/26 19:15,null,null,35,24,5,1,0,0
2/18/26 19:15,null,null,37,23,7,1,0,0
2/18/26 19:15,null,null,48,35,5,0,0,0
2/18/26 19:15,null,null,54,43,3,0,0,0
2/18/26 19:15,null,null,43,35,3,0,0,0
2/18/26 19:15,null,null,45,39,5,0,0,0
2/18/26 19:15,null,null,46,42,6,1,0,0
2/18/26 19:15,null,null,38,38,6,1,0,0
2/18/26 19:16,null,null,38,36,7,1,1,0
2/18/26 19:16,null,null,33,28,10,0,0,0
2/18/26 19:16,null,null,29,22,9,1,0,0
2/18/26 19:16,null,null,36,31,9,2,0,0
2/18/26 19:16,null,null,42,39,12,1,1,0
2/18/26 19:16,null,null,41,38,11,0,0,0
2/18/26 19:16,null,null,35,33,9,0,0,0
2/18/26 19:16,null,null,29,27,7,0,0,0
2/18/26 19:16,null,null,29,28,11,2,1,0
2/18/26 19:16,null,null,29,28,13,1,1,0
2/18/26 19:16,null,null,46,41,9,1,1,0
2/18/26 19:17,null,null,70,53,7,1,1,0
2/18/26 19:17,null,null,57,38,6,0,0,0
2/18/26 19:17,null,null,45,33,10,1,1,0
2/18/26 19:17,null,null,49,40,15,5,1,0
2/18/26 19:17,null,null,34,29,11,6,2,0
2/18/26 19:17,null,null,24,22,6,2,1,0
2/18/26 19:17,null,null,27,25,6,1,1,1
2/18/26 19:17,null,null,30,27,7,0,0,0
2/18/26 19:17,null,null,35,30,9,0,0,0
2/18/26 19:17,null,null,35,31,10,2,0,0
2/18/26 19:17,null,null,32,27,6,1,0,0
2/18/26 19:17,null,null,28,23,4,0,0,0
2/18/26 19:18,null,null,23,22,5,1,0,0
2/18/26 19:18,null,null,28,28,4,1,0,0
2/18/26 19:18,null,null,35,29,6,1,0,0
2/18/26 19:18,null,null,38,28,8,0,0,0
2/18/26 19:18,null,null,31,24,6,0,0,0
2/18/26 19:18,null,null,28,24,4,0,0,0
2/18/26 19:18,null,null,32,31,6,0,0,0
2/18/26 19:18,null,null,30,27,6,0,0,0
2/18/26 19:18,null,null,26,23,3,0,0,0
2/18/26 19:18,null,null,42,36,7,0,0,0
2/18/26 19:18,null,null,50,39,8,1,1,0
2/18/26 19:19,null,null,34,23,4,0,0,0
2/18/26 19:19,null,null,28,21,7,0,0,0
2/18/26 19:19,null,null,36,33,7,1,1,0
2/18/26 19:19,null,null,38,33,5,0,0,0
2/18/26 19:19,null,null,46,37,16,0,0,0
2/18/26 19:19,null,null,50,41,16,1,1,0
2/18/26 19:19,null,null,49,40,5,1,0,0
2/18/26 19:19,null,null,36,30,3,0,0,0
2/18/26 19:19,null,null,19,19,2,0,0,0
2/18/26 19:19,null,null,23,23,1,0,0,0
2/18/26 19:19,null,null,39,37,5,0,0,0
2/18/26 19:19,null,null,42,37,7,1,0,0
2/18/26 19:20,null,null,55,49,9,0,0,0
2/18/26 19:20,null,null,55,52,9,0,0,0
2/18/26 19:20,null,null,33,28,8,1,0,0
2/18/26 19:20,null,null,35,28,10,2,0,0
2/18/26 19:20,null,null,35,30,9,5,0,0
2/18/26 19:20,null,null,40,33,10,5,0,0
2/18/26 19:20,null,null,36,27,7,1,0,0
2/18/26 19:20,null,null,33,28,7,2,1,1
2/18/26 19:20,null,null,35,34,8,3,0,0
2/18/26 19:20,null,null,42,38,9,2,0,0
2/18/26 19:20,null,null,40,36,8,2,0,0
2/18/26 19:21,null,null,25,21,3,1,0,0
2/18/26 19:21,null,null,26,23,6,0,0,0
2/18/26 19:21,null,null,30,28,9,0,0,0
2/18/26 19:21,null,null,84,75,12,2,0,0
2/18/26 19:21,null,null,82,73,9,2,1,0
2/18/26 19:21,null,null,27,25,2,1,0,0
2/18/26 19:21,null,null,65,57,5,1,0,0
2/18/26 19:21,null,null,69,61,7,0,0,0
2/18/26 19:21,null,null,30,28,7,0,0,0
2/18/26 19:21,null,null,27,21,5,0,0,0
2/18/26 19:21,null,null,30,22,6,0,0,0
2/18/26 19:22,null,null,29,24,5,0,0,0
2/18/26 19:22,null,null,32,27,2,0,0,0
2/18/26 19:22,null,null,30,27,5,1,1,0
2/18/26 19:22,null,null,27,24,6,0,0,0
2/18/26 19:22,null,null,29,24,5,0,0,0
2/18/26 19:22,null,null,30,25,3,0,0,0
2/18/26 19:22,null,null,29,27,2,0,0,0
2/18/26 19:22,null,null,45,36,5,0,0,0
2/18/26 19:22,null,null,60,43,12,1,1,0
2/18/26 19:22,null,null,45,34,13,0,0,0
2/18/26 19:22,null,null,25,20,5,0,0,0
2/18/26 19:22,null,null,26,25,2,0,0,0
2/18/26 19:23,null,null,40,39,3,1,1,0
2/18/26 19:23,null,null,47,42,5,0,0,0
2/18/26 19:23,null,null,44,36,7,0,0,0
2/18/26 19:23,null,null,35,27,4,0,0,0
2/18/26 19:23,null,null,57,46,4,0,0,0
2/18/26 19:23,null,null,70,59,7,1,0,0
2/18/26 19:23,null,null,43,35,4,0,0,0
2/18/26 19:23,null,null,22,19,4,1,0,0
2/18/26 19:23,null,null,26,23,8,1,0,0
2/18/26 19:23,null,null,35,31,8,1,1,0
2/18/26 19:23,null,null,33,26,4,0,0,0
2/18/26 19:24,null,null,35,24,4,0,0,0
2/18/26 19:24,null,null,34,26,4,0,0,0
2/18/26 19:24,null,null,32,30,4,2,2,0
2/18/26 19:24,null,null,52,45,6,3,2,0
2/18/26 19:24,null,null,47,39,7,2,1,0
2/18/26 19:24,null,null,30,23,9,2,1,0
2/18/26 19:24,null,null,31,23,6,1,1,1
2/18/26 19:24,null,null,31,24,3,0,0,0
2/18/26 19:24,null,null,38,31,3,0,0,0
2/18/26 19:24,null,null,37,29,2,0,0,0
2/18/26 19:24,null,null,32,24,4,0,0,0
2/18/26 19:24,null,null,48,37,10,4,3,0
2/18/26 19:25,null,null,51,41,12,5,4,1
2/18/26 19:25,null,null,54,49,8,1,0,0
2/18/26 19:25,null,null,50,47,6,0,0,0
2/18/26 19:25,null,null,47,46,7,0,0,0
2/18/26 19:25,null,null,51,50,7,0,0,0
2/18/26 19:25,null,null,33,31,3,0,0,0
2/18/26 19:25,null,null,29,25,4,1,0,0
2/18/26 19:25,null,null,24,20,5,1,0,0
2/18/26 19:25,null,null,22,18,6,1,0,0
2/18/26 19:25,null,null,23,19,7,0,0,0
2/18/26 19:25,null,null,21,19,5,0,0,0
2/18/26 19:26,null,null,18,15,2,0,0,0
2/18/26 19:26,null,null,22,20,7,0,0,0
2/18/26 19:26,null,null,34,30,10,0,0,0
2/18/26 19:26,null,null,28,23,7,0,0,0
2/18/26 19:26,null,null,23,20,5,0,0,0
2/18/26 19:26,null,null,34,33,3,0,0,0
2/18/26 19:26,null,null,43,38,1,0,0,0
2/18/26 19:26,null,null,53,43,1,0,0,0
2/18/26 19:26,null,null,43,36,2,0,0,0
2/18/26 19:26,null,null,23,20,1,0,0,0
2/18/26 19:26,null,null,20,18,2,0,0,0
2/18/26 19:27,null,null,22,22,3,0,0,0
2/18/26 19:27,null,null,47,44,8,0,0,0
2/18/26 19:27,null,null,50,46,12,0,0,0
2/18/26 19:27,null,null,28,25,8,1,1,0
2/18/26 19:27,null,null,34,30,6,0,0,0
2/18/26 19:27,null,null,69,63,6,0,0,0
2/18/26 19:27,null,null,61,55,6,0,0,0
2/18/26 19:27,null,null,34,30,6,0,0,0
2/18/26 19:27,null,null,38,33,10,4,1,0
2/18/26 19:27,null,null,29,25,8,4,0,0
2/18/26 19:27,null,null,38,34,7,2,1,0
2/18/26 19:27,null,null,61,54,8,2,1,0
2/18/26 19:28,null,null,61,54,8,2,1,0
2/18/26 19:28,null,null,46,39,8,2,1,0
2/18/26 19:28,null,null,33,24,4,1,0,0
2/18/26 19:28,null,null,59,44,5,0,0,0
2/18/26 19:28,null,null,62,50,6,1,0,0
2/18/26 19:28,null,null,28,25,6,2,0,0
2/18/26 19:28,null,null,27,25,9,4,1,1
2/18/26 19:28,null,null,31,28,7,3,1,0
2/18/26 19:28,null,null,26,22,3,0,0,0
2/18/26 19:28,null,null,23,19,5,0,0,0
2/18/26 19:28,null,null,31,27,6,1,1,0
2/18/26 19:29,null,null,69,63,8,1,0,0
2/18/26 19:29,null,null,74,65,9,1,1,1
2/18/26 19:29,null,null,50,38,10,1,0,0
2/18/26 19:29,null,null,76,59,11,2,0,0
2/18/26 19:29,null,null,86,70,12,3,1,0
2/18/26 19:29,null,null,55,48,9,3,2,0
2/18/26 19:29,null,null,46,40,5,1,1,0
2/18/26 19:29,null,null,41,36,5,1,1,0
2/18/26 19:29,null,null,26,24,6,1,1,0
2/18/26 19:29,null,null,26,24,5,1,1,0
2/18/26 19:29,null,null,28,27,4,1,1,0
2/18/26 19:29,null,null,26,21,2,1,0,0
2/18/26 19:30,null,null,20,15,2,0,0,0
2/18/26 19:30,null,null,21,17,6,0,0,0
2/18/26 19:30,null,null,30,25,9,1,1,1
2/18/26 19:30,null,null,25,20,6,1,0,0
2/18/26 19:30,null,null,16,13,5,1,0,0
2/18/26 19:30,null,null,25,23,10,2,1,0
2/18/26 19:30,null,null,37,29,11,3,1,0
2/18/26 19:30,null,null,38,28,8,1,0,0
2/18/26 19:30,null,null,33,27,8,0,0,0
2/18/26 19:30,null,null,43,36,12,2,0,0
2/18/26 19:30,null,null,46,39,11,2,0,0
2/18/26 19:31,null,null,38,35,12,2,0,0